split,backbone,method,threshold,seen_auc,unseen_auc,gap,rej_f1,rr,s_frr,u_frr,gmiou1
A1_v3,moment,Baseline,0.9121040171384811,0.7499025256451021,0.6439213806327899,0.10598114501231215,53.917564054957296,33.28995879418781,24.536226811340565,18.120805369127517,35.44121713887186
A1_v3,qd,Baseline,0.9962999820709229,0.7295130270246981,0.5586241610738255,0.1708888659508726,51.6532618409294,23.422251138581654,13.965698284914247,17.28187919463087,36.65294141237851
A1_v3,flash,Baseline,10.982127380371093,0.7530240194614003,0.6613614573346117,0.09166256212678858,55.48207448659937,37.193667317284756,25.51627581379069,31.711409395973156,42.73401338854793
A2_v3,moment,Baseline,0.9470980262756348,0.7544505370035839,0.5075063365178398,0.24694420048574406,52.35783633841886,37.432227282585124,30.061919504643964,0.0,34.31869352589896
A2_v3,qd,Baseline,0.9998000264167786,0.7238973855563753,0.5104552544355625,0.21344213112081278,47.916666666666664,43.59141184124919,38.26625386996904,6.726457399103139,33.1481207603086
A2_v3,flash,Baseline,6.75992437839508,0.7706524201464924,0.5317313316435952,0.23892108850289717,53.87299371946965,37.04185643027543,28.978328173374614,0.0,41.04010868819587
A3_v3,moment,Baseline,0.9630799949169159,0.7570732078967007,0.4559818625741192,0.3010913453225815,52.38585650532097,38.061158100195186,30.360472343070228,6.382978723404255,34.26416117890347
A3_v3,qd,Baseline,0.9908999800682068,0.7684609496293773,0.5028601325427275,0.26560081708664973,52.05110961667788,39.38408154413359,30.7644499689248,22.127659574468083,33.695228590295706
A3_v3,flash,Baseline,6.506604194641113,0.772035197765465,0.46501569584931984,0.3070195019161452,54.20899854862119,34.65625677727174,25.04661280298322,19.148936170212767,42.11583131010993
C1_v3,moment,Baseline,0.8780799984931946,0.6814639629139396,0.5117504268032437,0.16971353611069595,38.59134262655906,34.005638690088915,31.410450015101176,1.4084507042253522,31.061217267222773
C1_v3,qd,Baseline,0.9703999757766724,0.78533912110469,0.5775048015364916,0.2078343195681983,48.53189335133311,39.145521578833225,32.19571126547871,14.084507042253522,33.05582456950961
C1_v3,flash,Baseline,5.638093852996824,0.7895250527527725,0.603686513017499,0.18583853973527353,51.272141706924316,42.22511385816526,33.40380549682875,31.690140845070424,40.33186179493049
C2_v3,moment,Baseline,0.8203399896621704,0.6759653083146865,0.49261533355459675,0.18334997476008974,46.26972740315639,35.35024940360009,25.857916917519567,96.18320610687023,32.58952376079894
C2_v3,qd,Baseline,0.973199999332428,0.6992250198517361,0.5188765350149352,0.18034848483680088,47.66355140186916,44.50227716330514,34.88862131246237,97.70992366412213,33.33505400554958
C2_v3,flash,Baseline,7.149165725708008,0.6861818927317231,0.5618154663126452,0.12436642641907791,47.46500777604977,44.610713511168946,35.37025888019266,90.83969465648855,38.31442975298101
MACRO,moment,Baseline,,0.7237711083548025,0.5223550680165179,0.20141604033828467,48.70446538568252,35.62784645413142,28.4453971183351,24.41908818072547,33.534962574339204
MACRO,qd,Baseline,,0.7412871006333753,0.5336641769207084,0.20762292371266686,49.563296575495244,38.00910865322056,30.01614694034983,31.586085374915548,33.977433867608404
MACRO,flash,Baseline,,0.7542837165715708,0.5647220928315342,0.1895616237400365,52.46024324753286,39.145521578833225,29.663056233433984,34.67803621354898,40.90724898695305
