semantic,train_positives,val_positives,test_positives,train_videos,val_videos,test_videos,train_source_qids,test_source_qids,distinct_objects,top_object,top_object_share,distinct_actions,train_any_verb_or_event_rows,test_any_verb_or_event_rows,action_neighbor,test_positive_object_edit_opportunities
add,0,0,1,0,0,1,0,1,1,clothe,1.0,1,0,1,,0
adjust,0,0,2,0,0,2,0,2,2,hair,0.5,1,1,2,,0
approach,1,0,0,1,0,0,1,0,1,person,1.0,1,1,0,,0
awake,1,0,0,1,0,0,1,0,1,bed,1.0,1,1,0,,0
awaken,68,8,24,68,7,24,68,24,20,bed,0.31,1,118,32,,0
bow,1,0,0,1,0,0,1,0,1,top,1.0,1,1,0,,0
bring,1,0,2,1,0,2,1,2,3,dish,0.3333,1,1,2,,0
burst,1,0,0,1,0,0,1,0,1,door,1.0,1,1,0,,0
carry,4,0,0,4,0,0,4,0,4,door,0.25,1,12,2,,0
change,1,0,0,1,0,0,1,0,1,clothe,1.0,1,2,0,,0
clean,1,0,1,1,0,1,1,1,2,blanket,0.5,1,3,1,,0
close,700,77,233,505,61,164,700,233,21,door,0.6475,1,739,245,open,38
closse,1,0,0,1,0,0,1,0,1,window,1.0,1,1,0,,0
come,3,0,0,3,0,0,3,0,3,turn,0.3333,1,12,5,,0
cook,121,16,20,83,9,15,121,20,14,stove,0.5796,1,184,34,,0
cover,3,0,1,2,0,1,3,1,1,awaken,1.0,1,3,2,,0
crouch,0,0,1,0,0,1,0,1,1,floor,1.0,1,0,1,,0
cut,2,0,1,2,0,1,2,1,1,light,1.0,1,2,1,,0
decompress,0,0,1,0,0,1,0,1,1,minute,1.0,1,0,1,,0
dress,45,1,17,43,1,17,45,17,30,front,0.1746,1,138,38,undress,0
drink,357,39,111,296,35,90,357,111,15,glass,0.4852,1,395,132,pour,14
dump,1,0,0,1,0,0,1,0,1,clothe,1.0,1,1,0,,0
eat,519,51,178,381,37,119,519,178,65,sandwich,0.4131,1,869,305,,0
encounter,2,0,0,2,0,0,2,0,1,b,1.0,1,2,0,,0
enter,15,3,0,15,3,0,15,0,8,room,0.3889,1,21,3,leave,0
examine,1,0,0,1,0,0,1,0,1,light,1.0,1,1,0,,0
fall,1,0,0,1,0,0,1,0,1,desk,1.0,1,2,0,,0
fix,80,8,33,61,8,23,80,33,11,hair,0.5041,1,91,39,,0
flick,2,0,1,2,0,1,2,1,3,switch,0.3333,1,2,1,,0
flip,5,0,4,5,0,3,5,4,2,light,0.6667,1,6,4,,0
grab,13,2,4,13,2,4,13,4,13,glass,0.1579,1,28,10,,0
grasp,7,1,1,7,1,1,7,1,8,light,0.2222,1,13,3,,0
hit,1,0,0,1,0,0,1,0,1,switch,1.0,1,1,0,,0
hold,350,40,122,314,34,104,350,122,41,bag,0.125,1,531,180,throw,4
isdrinke,1,0,0,1,0,0,1,0,1,glass,1.0,1,1,0,,0
jiggle,0,0,1,0,0,1,0,1,1,doorknob,1.0,1,0,1,,0
kick,1,0,0,1,0,0,1,0,1,door,1.0,1,1,3,,0
kneel,0,0,1,0,0,1,0,1,1,floor,1.0,1,0,1,,0
laugh,56,9,23,54,8,19,56,23,40,phone,0.1364,1,266,87,,1
lay,26,4,12,24,3,9,26,12,9,floor,0.6905,1,28,15,,0
lean,1,0,0,1,0,0,1,0,1,doorway,1.0,1,1,1,,0
leave,13,2,6,13,2,5,13,6,10,room,0.2857,1,26,9,enter,2
lend,0,0,1,0,0,1,0,1,1,table,1.0,1,0,1,,0
lie,39,4,11,38,4,10,39,11,8,bed,0.4444,1,46,13,,0
lift,1,0,0,1,0,0,1,0,1,head,1.0,1,1,0,,0
load,1,0,0,1,0,0,1,0,1,washer,1.0,1,2,1,,0
look,210,32,63,165,25,49,210,63,12,window,0.6393,1,271,87,,2
make,5,0,0,5,0,0,5,0,2,sandwich,0.8,1,8,1,,0
move,3,0,1,3,0,1,3,1,4,curtain,0.25,1,6,2,,0
open,1194,151,442,887,110,277,1194,442,31,door,0.4482,1,1284,480,close,55
opend,2,0,0,2,0,0,2,0,2,door,0.5,1,2,0,,0
organize,0,0,1,0,0,1,0,1,1,table,1.0,1,0,1,,0
pack,1,0,0,1,0,0,1,0,1,bag,1.0,1,1,0,,0
person,1,0,0,1,0,0,1,0,1,lay,1.0,1,1,0,,0
personlaye,1,0,0,1,0,0,1,0,1,floor,1.0,1,1,0,,0
pick_up,13,2,5,13,1,5,13,5,14,camera,0.1,1,17,7,put_down,0
place,3,0,0,3,0,0,3,0,3,pair,0.3333,1,5,0,,0
play,84,9,23,71,8,19,84,23,7,phone,0.5431,1,95,26,,1
plug,0,0,1,0,0,1,0,1,1,light,1.0,1,0,1,,0
pour,233,16,57,154,10,34,233,57,25,glass,0.3007,1,241,60,drink,8
proceed,3,0,0,3,0,0,3,0,3,window,0.3333,1,21,8,,0
prop,0,0,1,0,0,1,0,1,1,awaken,1.0,1,0,1,,0
pull,5,0,0,5,0,0,5,0,4,camera,0.4,1,7,0,,0
push,1,0,0,1,0,0,1,0,1,door,1.0,1,2,0,,0
put,752,96,226,626,81,184,752,226,64,shelf,0.0726,1,1356,450,,8
put_down,191,23,89,180,23,75,191,89,32,book,0.1452,1,192,91,pick_up,1
put_in,200,18,60,175,18,45,200,60,40,clothe,0.1906,1,204,65,take_out,3
put_on,139,14,52,89,9,31,139,52,12,shoe,0.7659,1,165,57,take_off,2
put_up,7,1,2,7,1,2,7,2,7,foot,0.3,1,7,3,,0
reach,4,1,0,4,1,0,4,0,5,picture,0.2,1,7,2,,0
read,62,8,22,52,8,16,62,22,3,book,0.9783,1,94,33,,0
reclose,1,0,0,1,0,0,1,0,1,box,1.0,1,1,0,,0
reenter,1,0,0,1,0,0,1,0,1,room,1.0,1,1,0,,0
remember,1,0,0,1,0,0,1,0,1,medicine,1.0,1,2,1,,0
remove,2,0,2,2,0,2,2,2,4,clothe,0.25,1,8,7,,0
repeat,0,0,1,0,0,1,0,1,1,process,1.0,1,0,1,,0
replace,1,0,0,1,0,0,1,0,1,lightbulb,1.0,1,2,0,,0
run,302,25,116,204,19,66,302,116,64,room,0.2664,1,459,174,,3
seat,3,0,1,3,0,1,3,1,3,chair,0.5,1,4,2,,0
see,1,0,0,1,0,0,1,0,1,door,1.0,1,47,13,,0
serve,1,0,0,1,0,0,1,0,1,glass,1.0,1,1,0,,0
set,0,1,3,0,1,3,0,3,3,computer,0.5,1,1,3,,0
shin,1,0,0,1,0,0,1,0,1,light,1.0,1,1,1,,0
shove,1,0,0,1,0,0,1,0,1,clothe,1.0,1,1,0,,0
sit,631,73,230,458,52,147,631,230,43,chair,0.4272,1,701,251,,0
sleep,1,0,0,1,0,0,1,0,1,awaken,1.0,1,1,1,,0
slide,1,0,0,1,0,0,1,0,1,door,1.0,1,1,1,,0
smile,66,2,17,65,2,17,66,17,34,mirror,0.2235,1,238,60,,0
sneeze,84,7,21,82,7,20,84,21,45,mirror,0.0982,1,288,81,,0
snuggle,64,3,19,51,3,17,64,19,5,blanket,0.5116,1,74,22,,0
stand,87,6,29,79,5,28,87,29,41,chair,0.123,1,212,70,,0
stir,1,0,0,1,0,0,1,0,1,pot,1.0,1,2,0,,0
stop,1,0,0,1,0,0,1,0,1,bottom,1.0,1,12,5,,0
straighten,1,0,0,1,0,0,1,0,1,clothe,1.0,1,1,0,,0
stretch,0,0,1,0,0,1,0,1,1,arm,1.0,1,1,1,,0
sweep,1,0,0,1,0,0,1,0,1,dirt,1.0,1,4,0,,0
swing,1,0,0,1,0,0,1,0,1,door,1.0,1,1,0,,0
switch,3,0,1,3,0,1,3,1,1,light,1.0,1,3,1,,0
take,622,63,239,543,51,207,622,239,62,picture,0.1688,1,1069,385,,2
take_down,3,0,2,3,0,2,3,2,5,shoe,0.2,1,3,2,,0
take_in,6,2,3,6,2,2,6,3,6,picture,0.5455,1,7,3,,0
take_off,160,9,34,118,9,20,160,34,11,shoe,0.9015,1,176,40,put_on,1
take_out,194,30,81,168,26,67,194,81,44,phone,0.1246,1,206,85,put_in,3
talk,44,7,15,36,6,11,44,15,4,phone,0.9545,1,52,17,,0
tap,1,0,1,1,0,1,1,1,2,door,0.5,1,1,1,,0
throw,464,40,120,324,27,81,464,120,38,pillow,0.1923,1,482,125,hold,0
tidy,57,6,19,51,6,19,57,19,21,table,0.2805,1,68,21,,2
tilt,0,0,1,0,0,1,0,1,1,head,1.0,1,0,1,,0
toss,1,0,0,1,0,0,1,0,1,clothe,1.0,1,2,0,,0
touch,1,0,0,1,0,0,1,0,1,light,1.0,1,2,0,,0
turn,453,51,162,276,29,83,453,162,8,light,0.9805,1,491,174,,0
undress,55,7,10,52,6,10,55,10,26,front,0.3194,1,132,49,dress,0
use,6,2,5,6,1,5,6,5,8,camera,0.3077,1,18,8,,0
vacuum,0,0,1,0,0,1,0,1,1,floor,1.0,1,2,1,,0
wait,1,0,0,1,0,0,1,0,1,dinner,1.0,1,1,0,,0
wake,1,0,0,1,0,0,1,0,1,person,1.0,1,4,0,,0
walk,253,32,76,230,28,73,253,76,44,doorway,0.6066,1,332,96,,3
wash,130,21,39,97,15,26,130,39,9,hand,0.4368,1,144,40,,0
washer,0,0,1,0,0,1,0,1,1,hand,1.0,1,0,1,,0
watch,118,6,35,99,6,27,118,35,17,television,0.5849,1,167,53,,0
wear,4,0,2,4,0,2,4,2,6,hoodie,0.1667,1,8,3,,0
work,41,5,10,38,3,10,41,10,7,laptop,0.8571,1,58,11,,0
wrap,3,2,1,3,2,1,3,1,3,blanket,0.5,1,6,3,,0
