semantic,train_positives,val_positives,test_positives,train_videos,val_videos,test_videos,train_source_qids,test_source_qids,distinct_objects,top_object,top_object_share,distinct_actions,remaining_train_action_positives,remaining_train_object_positives,test_same_video_recombination_opportunities,test_object_edit_opportunities
add|clothe,0,0,1,0,0,1,0,1,1,clothe,1.0,1,0,269,0,0
adjust|hair,0,0,1,0,0,1,0,1,1,hair,1.0,1,0,40,1,0
adjust|heat,0,0,1,0,0,1,0,1,1,heat,1.0,1,0,1,0,0
approach|person,1,0,0,1,0,0,1,0,1,person,1.0,1,0,13,0,0
awaken|bathroom,1,1,1,1,1,1,1,1,1,bathroom,1.0,1,67,26,0,0
awaken|bed,26,1,4,26,1,4,26,4,1,bed,1.0,1,42,98,0,0
awaken|bedroom,7,2,6,7,2,6,7,6,1,bedroom,1.0,1,61,17,0,0
awaken|bedroom.they,1,0,0,1,0,0,1,0,1,bedroom.they,1.0,1,67,0,0,0
awaken|chair,4,0,1,4,0,1,4,1,1,chair,1.0,1,64,292,0,0
awaken|closet,0,1,0,0,1,0,0,0,1,closet,1.0,1,68,62,0,0
awaken|clothe,0,0,1,0,0,1,0,1,1,clothe,1.0,1,68,269,1,0
awaken|couch,3,0,0,3,0,0,3,0,1,couch,1.0,1,65,75,0,0
awaken|desk,3,0,0,3,0,0,3,0,1,desk,1.0,1,65,13,0,0
awaken|floor,5,0,3,5,0,3,5,3,1,floor,1.0,1,63,128,1,0
awaken|light,1,0,0,1,0,0,1,0,1,light,1.0,1,67,505,8,0
awaken|nap,1,0,0,1,0,0,1,0,1,nap,1.0,1,67,0,0,0
awaken|office,0,0,2,0,0,2,0,2,1,office,1.0,1,68,3,0,0
awaken|pantry,0,1,0,0,1,0,0,0,1,pantry,1.0,1,68,6,0,0
awaken|person,4,0,0,4,0,0,4,0,1,person,1.0,1,64,10,0,0
awaken|room,4,1,2,4,1,2,4,2,1,room,1.0,1,64,141,0,0
awaken|sleep,1,0,1,1,0,1,1,1,1,sleep,1.0,1,67,0,0,0
awaken|slumber,0,0,1,0,0,1,0,1,1,slumber,1.0,1,68,0,0,0
awaken|sofa,6,1,2,6,1,2,6,2,1,sofa,1.0,1,62,78,0,0
awaken|stair,1,0,0,1,0,0,1,0,1,stair,1.0,1,67,39,0,0
awake|bed,1,0,0,1,0,0,1,0,1,bed,1.0,1,0,123,0,0
bow|top,1,0,0,1,0,0,1,0,1,top,1.0,1,0,4,0,0
bring|book,0,0,1,0,0,1,0,1,1,book,1.0,1,1,382,1,0
bring|dish,1,0,0,1,0,0,1,0,1,dish,1.0,1,0,112,0,0
bring|seat,0,0,1,0,0,1,0,1,1,seat,1.0,1,1,1,0,0
burst|door,1,0,0,1,0,0,1,0,1,door,1.0,1,0,1022,0,0
carry|bag,1,0,0,1,0,0,1,0,1,bag,1.0,1,3,291,3,0
carry|box,1,0,0,1,0,0,1,0,1,box,1.0,1,3,232,0,0
carry|clothe,1,0,0,1,0,0,1,0,1,clothe,1.0,1,3,268,0,0
carry|door,1,0,0,1,0,0,1,0,1,door,1.0,1,3,1022,3,0
change|clothe,1,0,0,1,0,0,1,0,1,clothe,1.0,1,0,268,0,0
clean|blanket,1,0,0,1,0,0,1,0,1,blanket,1.0,1,0,175,0,0
clean|chair,0,0,1,0,0,1,0,1,1,chair,1.0,1,1,296,1,0
close|bathroom,0,0,1,0,0,1,0,1,1,bathroom,1.0,1,700,27,0,0
close|blind,2,0,1,2,0,1,2,1,1,blind,1.0,1,698,1,0,0
close|book,38,6,10,33,5,9,38,10,1,book,1.0,1,662,344,11,0
close|box,18,4,12,16,3,10,18,12,1,box,1.0,1,682,215,11,0
close|cabinet,41,6,20,40,6,19,41,20,1,cabinet,1.0,1,659,191,15,11
close|closet,0,1,0,0,1,0,0,0,1,closet,1.0,1,700,62,8,0
close|curtain,0,0,1,0,0,1,0,1,1,curtain,1.0,1,700,2,0,0
close|door,458,41,155,335,32,110,458,155,1,door,1.0,1,242,565,62,27
close|doorknob,3,0,1,3,0,1,3,1,1,doorknob,1.0,1,697,25,2,0
close|doorway,2,0,0,2,0,0,2,0,1,doorway,1.0,1,698,200,5,0
close|drawer,1,0,0,1,0,0,1,0,1,drawer,1.0,1,699,1,0,0
close|laptop,70,6,11,51,5,9,70,11,1,laptop,1.0,1,630,222,10,0
close|lid,2,1,0,2,1,0,2,0,1,lid,1.0,1,698,0,0,0
close|light,3,1,4,3,1,4,3,4,1,light,1.0,1,697,503,31,0
close|notebook,2,0,0,2,0,0,2,0,1,notebook,1.0,1,698,2,0,0
close|pantry,1,0,0,1,0,0,1,0,1,pantry,1.0,1,699,5,0,0
close|refrigerator,19,6,4,19,5,4,19,4,1,refrigerator,1.0,1,681,108,8,0
close|screen,0,0,3,0,0,3,0,3,1,screen,1.0,1,700,4,0,0
close|shutter,1,0,0,1,0,0,1,0,1,shutter,1.0,1,699,0,0,0
close|top,0,0,2,0,0,2,0,2,1,top,1.0,1,700,5,1,0
close|window,39,5,8,25,4,5,39,8,1,window,1.0,1,661,228,7,0
closse|window,1,0,0,1,0,0,1,0,1,window,1.0,1,0,266,0,0
come|kitchen,1,0,0,1,0,0,1,0,1,kitchen,1.0,1,2,37,0,0
come|room,1,0,0,1,0,0,1,0,1,room,1.0,1,2,144,0,0
come|turn,1,0,0,1,0,0,1,0,1,turn,1.0,1,2,3,0,0
cook|dinner,1,1,0,1,1,0,1,0,1,dinner,1.0,1,120,1,0,0
cook|egg,0,0,2,0,0,2,0,2,1,egg,1.0,1,121,0,0,0
cook|food,30,4,5,29,4,4,30,5,1,food,1.0,1,91,260,3,0
cook|item,1,0,0,1,0,0,1,0,1,item,1.0,1,120,14,0,0
cook|kitchen,5,1,0,4,1,0,5,0,1,kitchen,1.0,1,116,33,0,0
cook|meal,4,0,0,4,0,0,4,0,1,meal,1.0,1,117,0,0,0
cook|microwave,1,0,0,1,0,0,1,0,1,microwave,1.0,1,120,0,0,0
cook|pan,1,1,1,1,1,1,1,1,1,pan,1.0,1,120,3,0,0
cook|piece,1,0,0,1,0,0,1,0,1,piece,1.0,1,120,6,0,0
cook|pot,3,0,0,3,0,0,3,0,1,pot,1.0,1,118,2,0,0
cook|room,1,0,0,1,0,0,1,0,1,room,1.0,1,120,144,0,0
cook|sandwich,1,0,1,1,0,1,1,1,1,sandwich,1.0,1,120,312,0,0
cook|stove,71,9,11,63,5,10,71,11,1,stove,1.0,1,50,12,0,0
cook|thing,1,0,0,1,0,0,1,0,1,thing,1.0,1,120,8,1,0
cover|awaken,3,0,1,2,0,1,3,1,1,awaken,1.0,1,0,7,0,0
crouch|floor,0,0,1,0,0,1,0,1,1,floor,1.0,1,0,133,0,0
cut|light,2,0,1,2,0,1,2,1,1,light,1.0,1,0,504,1,0
decompress|minute,0,0,1,0,0,1,0,1,1,minute,1.0,1,0,0,0,0
dress|bathroom,4,0,0,4,0,0,4,0,1,bathroom,1.0,1,41,23,0,0
dress|bed,0,0,1,0,0,1,0,1,1,bed,1.0,1,45,124,0,0
dress|bedroom,2,0,1,2,0,1,2,1,1,bedroom,1.0,1,43,22,1,0
dress|blanket,1,0,0,1,0,0,1,0,1,blanket,1.0,1,44,175,1,0
dress|closet,2,0,1,2,0,1,2,1,1,closet,1.0,1,43,60,1,0
dress|clothe,6,0,1,6,0,1,6,1,1,clothe,1.0,1,39,263,4,0
dress|coat,1,0,0,1,0,0,1,0,1,coat,1.0,1,44,0,0,0
dress|cold,0,0,1,0,0,1,0,1,1,cold,1.0,1,45,0,0,0
dress|door,1,0,0,1,0,0,1,0,1,door,1.0,1,44,1022,2,0
dress|doorway,2,1,0,2,1,0,2,0,1,doorway,1.0,1,43,200,0,0
dress|entryway,1,0,0,1,0,0,1,0,1,entryway,1.0,1,44,9,0,0
dress|flight,0,0,1,0,0,1,0,1,1,flight,1.0,1,45,1,0,0
dress|front,8,0,3,8,0,3,8,3,1,front,1.0,1,37,28,0,0
dress|garage,1,0,0,1,0,0,1,0,1,garage,1.0,1,44,20,0,0
dress|hallway,0,0,1,0,0,1,0,1,1,hallway,1.0,1,45,25,0,0
dress|item,1,0,0,1,0,0,1,0,1,item,1.0,1,44,14,0,0
dress|jacket,0,0,1,0,0,1,0,1,1,jacket,1.0,1,45,4,0,0
dress|mirror,1,0,0,1,0,0,1,0,1,mirror,1.0,1,44,55,0,0
dress|pair,1,0,1,1,0,1,1,1,1,pair,1.0,1,44,33,0,0
dress|pajama,0,0,1,0,0,1,0,1,1,pajama,1.0,1,45,0,0,0
dress|room,4,0,0,4,0,0,4,0,1,room,1.0,1,41,141,1,0
dress|self,0,0,1,0,0,1,0,1,1,self,1.0,1,45,0,0,0
dress|shirt,2,0,0,2,0,0,2,0,1,shirt,1.0,1,43,3,1,0
dress|stair,1,0,0,1,0,0,1,0,1,stair,1.0,1,44,39,0,0
dress|sweater,0,0,1,0,0,1,0,1,1,sweater,1.0,1,45,3,0,0
dress|towel,0,0,1,0,0,1,0,1,1,towel,1.0,1,45,155,0,0
dress|wardrobe,2,0,0,2,0,0,2,0,1,wardrobe,1.0,1,43,4,0,0
dress|weather,0,0,1,0,0,1,0,1,1,weather,1.0,1,45,0,0,0
dress|window,2,0,0,2,0,0,2,0,1,window,1.0,1,43,265,0,0
dress|work,2,0,0,2,0,0,2,0,1,work,1.0,1,43,1,0,0
drink|an,1,0,0,1,0,0,1,0,1,an,1.0,1,356,0,0,0
drink|beverage,2,0,0,2,0,0,2,0,1,beverage,1.0,1,355,3,0,0
drink|bottle,23,1,9,20,1,7,23,9,1,bottle,1.0,1,334,30,4,1
drink|coffee,12,1,0,12,1,0,12,0,1,coffee,1.0,1,345,37,0,0
drink|coke,0,0,1,0,0,1,0,1,1,coke,1.0,1,357,0,0,0
drink|cup,112,12,45,104,12,40,112,45,1,cup,1.0,1,245,94,3,5
drink|form,1,0,0,1,0,0,1,0,1,form,1.0,1,356,0,0,0
drink|glass,179,22,45,158,22,41,179,45,1,glass,1.0,1,178,200,10,8
drink|medicine,1,0,0,1,0,0,1,0,1,medicine,1.0,1,356,78,1,0
drink|milk,1,0,1,1,0,1,1,1,1,milk,1.0,1,356,2,0,0
drink|mug,1,0,0,1,0,0,1,0,1,mug,1.0,1,356,1,0,0
drink|soda,1,0,0,1,0,0,1,0,1,soda,1.0,1,356,11,0,0
drink|table,0,1,0,0,1,0,0,0,1,table,1.0,1,357,131,0,0
drink|tea,0,0,1,0,0,1,0,1,1,tea,1.0,1,357,1,0,0
drink|water,23,2,9,23,2,9,23,9,1,water,1.0,1,334,54,2,0
dump|clothe,1,0,0,1,0,0,1,0,1,clothe,1.0,1,0,268,0,0
eat|apple,7,0,1,6,0,1,7,1,1,apple,1.0,1,512,0,0,0
eat|bag,20,0,4,19,0,4,20,4,1,bag,1.0,1,499,272,2,0
eat|banana,0,0,2,0,0,1,0,2,1,banana,1.0,1,519,0,0,0
eat|bathroom,1,0,0,1,0,0,1,0,1,bathroom,1.0,1,518,26,0,0
eat|bed,2,0,2,2,0,2,2,2,1,bed,1.0,1,517,122,6,0
eat|bite,5,0,3,5,0,3,5,3,1,bite,1.0,1,514,17,8,0
eat|blanket,1,0,0,1,0,0,1,0,1,blanket,1.0,1,518,175,3,0
eat|bottle,1,0,0,1,0,0,1,0,1,bottle,1.0,1,518,52,3,0
eat|bowl,2,0,7,2,0,7,2,7,1,bowl,1.0,1,517,1,0,0
eat|box,3,0,2,3,0,2,3,2,1,box,1.0,1,516,230,9,0
eat|bread,1,0,0,1,0,0,1,0,1,bread,1.0,1,518,0,0,0
eat|breakfast,2,0,1,2,0,1,2,1,1,breakfast,1.0,1,517,1,0,0
eat|burger,0,0,1,0,0,1,0,1,1,burger,1.0,1,519,0,0,0
eat|burrito,1,0,0,1,0,0,1,0,1,burrito,1.0,1,518,0,0,0
eat|can,0,0,1,0,0,1,0,1,1,can,1.0,1,519,0,0,0
eat|candy,1,0,0,1,0,0,1,0,1,candy,1.0,1,518,1,0,0
eat|cereal,2,1,1,2,1,1,2,1,1,cereal,1.0,1,517,0,0,0
eat|cheese,1,0,0,1,0,0,1,0,1,cheese,1.0,1,518,0,0,0
eat|chip,6,4,4,6,4,4,6,4,1,chip,1.0,1,513,1,0,0
eat|chocolate,2,0,0,2,0,0,2,0,1,chocolate,1.0,1,517,0,0,0
eat|container,1,0,0,1,0,0,1,0,1,container,1.0,1,518,0,0,0
eat|cookie,7,0,5,7,0,4,7,5,1,cookie,1.0,1,512,0,0,0
eat|cooky,1,0,1,1,0,1,1,1,1,cooky,1.0,1,518,0,0,0
eat|cracker,1,1,1,1,1,1,1,1,1,cracker,1.0,1,518,0,0,0
eat|crouch,1,0,0,1,0,0,1,0,1,crouch,1.0,1,518,0,0,0
eat|desk,2,0,1,2,0,1,2,1,1,desk,1.0,1,517,14,3,0
eat|dish,1,0,0,1,0,0,1,0,1,dish,1.0,1,518,112,2,0
eat|doorway,1,2,1,1,1,1,1,1,1,doorway,1.0,1,518,201,4,0
eat|dough,1,0,0,1,0,0,1,0,1,dough,1.0,1,518,0,0,0
eat|drink,1,0,0,1,0,0,1,0,1,drink,1.0,1,518,81,2,0
eat|floor,1,0,0,1,0,0,1,0,1,floor,1.0,1,518,132,3,0
eat|food,145,20,56,117,17,48,145,56,1,food,1.0,1,374,145,12,0
eat|foot,1,0,0,1,0,0,1,0,1,foot,1.0,1,518,6,0,0
eat|front,1,0,0,1,0,0,1,0,1,front,1.0,1,518,35,0,0
eat|fruit,0,0,1,0,0,1,0,1,1,fruit,1.0,1,519,0,0,0
eat|grape,1,0,0,1,0,0,1,0,1,grape,1.0,1,518,0,0,0
eat|grocery,2,0,3,2,0,3,2,3,1,grocery,1.0,1,517,45,1,0
eat|item,1,0,0,1,0,0,1,0,1,item,1.0,1,518,14,0,0
eat|jar,0,0,1,0,0,1,0,1,1,jar,1.0,1,519,0,1,0
eat|kind,1,0,0,1,0,0,1,0,1,kind,1.0,1,518,0,0,0
eat|kitchen,2,1,0,2,1,0,2,0,1,kitchen,1.0,1,517,36,3,0
eat|leftover,0,0,1,0,0,1,0,1,1,leftover,1.0,1,519,0,0,0
eat|lunch,2,0,0,2,0,0,2,0,1,lunch,1.0,1,517,0,0,0
eat|medicine,1,0,0,1,0,0,1,0,1,medicine,1.0,1,518,78,3,0
eat|muffin,1,0,0,1,0,0,1,0,1,muffin,1.0,1,518,0,0,0
eat|person,1,0,0,1,0,0,1,0,1,person,1.0,1,518,13,0,0
eat|phone,1,0,0,1,0,0,1,0,1,phone,1.0,1,518,233,1,0
eat|piece,2,2,3,2,2,3,2,3,1,piece,1.0,1,517,5,0,0
eat|pizza,1,0,0,1,0,0,1,0,1,pizza,1.0,1,518,0,0,0
eat|plate,9,0,6,9,0,6,9,6,1,plate,1.0,1,510,10,2,0
eat|refrigerator,1,0,0,1,0,0,1,0,1,refrigerator,1.0,1,518,126,4,0
eat|remain,1,0,0,1,0,0,1,0,1,remain,1.0,1,518,0,0,0
eat|roll,0,0,1,0,0,1,0,1,1,roll,1.0,1,519,0,0,0
eat|room,2,0,0,2,0,0,2,0,1,room,1.0,1,517,143,6,0
eat|sandwich,234,18,57,193,14,48,234,57,1,sandwich,1.0,1,285,79,3,0
eat|sink,1,0,0,1,0,0,1,0,1,sink,1.0,1,518,7,0,0
eat|snack,21,1,9,20,1,9,21,9,1,snack,1.0,1,498,0,1,0
eat|sofa,1,0,0,1,0,0,1,0,1,sofa,1.0,1,518,83,3,0
eat|sort,1,0,1,1,0,1,1,1,1,sort,1.0,1,518,0,0,0
eat|stair,1,0,0,1,0,0,1,0,1,stair,1.0,1,518,39,2,0
eat|stove,2,0,0,2,0,0,2,0,1,stove,1.0,1,517,81,0,0
eat|table,2,1,1,2,1,1,2,1,1,table,1.0,1,517,129,8,0
eat|television,1,0,0,1,0,0,1,0,1,television,1.0,1,518,75,5,0
eat|time,1,0,0,1,0,0,1,0,1,time,1.0,1,518,4,0,0
eat|window,2,0,0,2,0,0,2,0,1,window,1.0,1,517,265,5,0
encounter|b,2,0,0,2,0,0,2,0,1,b,1.0,1,0,0,0,0
enter|bedroom,1,0,0,1,0,0,1,0,1,bedroom,1.0,1,14,23,0,0
enter|box,1,0,0,1,0,0,1,0,1,box,1.0,1,14,232,2,0
enter|door,1,0,0,1,0,0,1,0,1,door,1.0,1,14,1022,1,0
enter|doorway,2,0,0,2,0,0,2,0,1,doorway,1.0,1,13,200,2,0
enter|garage,0,1,0,0,1,0,0,0,1,garage,1.0,1,15,21,0,0
enter|house,2,0,0,2,0,0,2,0,1,house,1.0,1,13,2,0,0
enter|kitchen,2,1,0,2,1,0,2,0,1,kitchen,1.0,1,13,36,0,0
enter|room,6,1,0,6,1,0,6,0,1,room,1.0,1,9,139,0,0
examine|light,1,0,0,1,0,0,1,0,1,light,1.0,1,0,505,0,0
fall|desk,1,0,0,1,0,0,1,0,1,desk,1.0,1,0,15,0,0
fix|bulb,0,0,1,0,0,1,0,1,1,bulb,1.0,1,80,1,0,0
fix|cleaner,1,0,0,1,0,0,1,0,1,cleaner,1.0,1,79,0,0,0
fix|door,4,0,2,3,0,1,4,2,1,door,1.0,1,76,1019,6,0
fix|doorknob,5,1,4,4,1,2,5,4,1,doorknob,1.0,1,75,23,0,0
fix|drawer,1,0,0,1,0,0,1,0,1,drawer,1.0,1,79,1,0,0
fix|hair,40,6,15,33,6,12,40,15,1,hair,1.0,1,40,0,1,0
fix|hinge,1,0,0,1,0,0,1,0,1,hinge,1.0,1,79,0,0,0
fix|knob,1,0,0,1,0,0,1,0,1,knob,1.0,1,79,0,0,0
fix|light,22,0,10,15,0,7,22,10,1,light,1.0,1,58,484,3,0
fix|paper,0,0,1,0,0,1,0,1,1,paper,1.0,1,80,8,0,0
fix|vacuum,5,1,0,5,1,0,5,0,1,vacuum,1.0,1,75,17,0,0
flick|light,1,0,0,1,0,0,1,0,1,light,1.0,1,1,505,0,0
flick|lightswitch,0,0,1,0,0,1,0,1,1,lightswitch,1.0,1,2,0,0,0
flick|switch,1,0,0,1,0,0,1,0,1,switch,1.0,1,1,7,0,0
flip|light,4,0,2,4,0,1,4,2,1,light,1.0,1,1,502,2,0
flip|switch,1,0,2,1,0,2,1,2,1,switch,1.0,1,4,7,2,0
grab|bite,1,0,0,1,0,0,1,0,1,bite,1.0,1,12,21,0,0
grab|blanket,0,1,0,0,1,0,0,0,1,blanket,1.0,1,13,176,0,0
grab|book,2,0,0,2,0,0,2,0,1,book,1.0,1,11,380,0,0
grab|broom,1,0,0,1,0,0,1,0,1,broom,1.0,1,12,93,0,0
grab|cup,1,0,0,1,0,0,1,0,1,cup,1.0,1,12,205,0,0
grab|dish,1,0,0,1,0,0,1,0,1,dish,1.0,1,12,112,0,0
grab|doorknob,2,1,0,2,1,0,2,0,1,doorknob,1.0,1,11,26,0,0
grab|drink,1,0,0,1,0,0,1,0,1,drink,1.0,1,12,81,0,0
grab|flashlight,1,0,0,1,0,0,1,0,1,flashlight,1.0,1,12,1,0,0
grab|glass,1,0,2,1,0,2,1,2,1,glass,1.0,1,12,378,0,0
grab|pillow,1,0,1,1,0,1,1,1,1,pillow,1.0,1,12,242,1,0
grab|plate,0,0,1,0,0,1,0,1,1,plate,1.0,1,13,19,1,0
grab|towel,1,0,0,1,0,0,1,0,1,towel,1.0,1,12,154,1,0
grasp|doorknob,1,0,0,1,0,0,1,0,1,doorknob,1.0,1,6,27,0,0
grasp|glass,1,0,0,1,0,0,1,0,1,glass,1.0,1,6,378,0,0
grasp|knife,1,0,0,1,0,0,1,0,1,knife,1.0,1,6,0,0,0
grasp|light,1,0,1,1,0,1,1,1,1,light,1.0,1,6,505,0,0
grasp|phone,1,0,0,1,0,0,1,0,1,phone,1.0,1,6,233,0,0
grasp|pillow,1,0,0,1,0,0,1,0,1,pillow,1.0,1,6,242,0,0
grasp|switch,0,1,0,0,1,0,0,0,1,switch,1.0,1,7,8,0,0
grasp|towel,1,0,0,1,0,0,1,0,1,towel,1.0,1,6,154,0,0
hit|switch,1,0,0,1,0,0,1,0,1,switch,1.0,1,0,7,0,0
hold|bag,44,1,19,40,1,18,44,19,1,bag,1.0,1,306,248,10,0
hold|blanket,10,0,5,10,0,4,10,5,1,blanket,1.0,1,340,166,5,0
hold|book,21,1,6,17,1,6,21,6,1,book,1.0,1,329,361,21,0
hold|bottle,7,1,0,6,1,0,7,0,1,bottle,1.0,1,343,46,0,0
hold|box,18,4,7,17,3,6,18,7,1,box,1.0,1,332,215,8,0
hold|broom,26,5,12,23,4,9,26,12,1,broom,1.0,1,324,68,6,0
hold|bunch,1,0,0,1,0,0,1,0,1,bunch,1.0,1,349,1,0,0
hold|camera,15,5,5,15,5,4,15,5,1,camera,1.0,1,335,76,4,0
hold|cellphone,0,0,1,0,0,1,0,1,1,cellphone,1.0,1,350,1,0,0
hold|chair,0,0,1,0,0,1,0,1,1,chair,1.0,1,350,296,5,0
hold|clothe,8,0,0,8,0,0,8,0,1,clothe,1.0,1,342,261,1,0
hold|cup,17,4,6,16,4,5,17,6,1,cup,1.0,1,333,189,2,2
hold|dish,10,0,0,10,0,0,10,0,1,dish,1.0,1,340,103,0,0
hold|door,3,0,1,3,0,1,3,1,1,door,1.0,1,347,1020,51,0
hold|doorknob,6,0,1,5,0,1,6,1,1,doorknob,1.0,1,344,22,0,0
hold|drink,0,0,1,0,0,1,0,1,1,drink,1.0,1,350,82,1,0
hold|drinking,1,0,0,1,0,0,1,0,1,drinking,1.0,1,349,1,0,0
hold|edoorknob,1,0,0,1,0,0,1,0,1,edoorknob,1.0,1,349,0,0,0
hold|flashlight,0,0,1,0,0,1,0,1,1,flashlight,1.0,1,350,2,0,0
hold|food,3,0,6,3,0,5,3,6,1,food,1.0,1,347,287,7,0
hold|glass,17,2,4,16,2,4,17,4,1,glass,1.0,1,333,362,6,1
hold|laptop,13,0,3,11,0,3,13,3,1,laptop,1.0,1,337,279,7,0
hold|light,1,1,0,1,1,0,1,0,1,light,1.0,1,349,505,13,0
hold|medicine,3,0,0,3,0,0,3,0,1,medicine,1.0,1,347,76,0,0
hold|mirror,3,1,1,3,1,1,3,1,1,mirror,1.0,1,347,53,4,0
hold|pair,5,0,3,5,0,3,5,3,1,pair,1.0,1,345,29,1,0
hold|paper,1,0,0,1,0,0,1,0,1,paper,1.0,1,349,7,0,0
hold|phone,25,3,5,24,3,4,25,5,1,phone,1.0,1,325,209,6,0
hold|picture,5,1,3,5,1,3,5,3,1,picture,1.0,1,345,209,8,0
hold|pile,1,0,0,1,0,0,1,0,1,pile,1.0,1,349,9,0,0
hold|pillow,36,3,10,31,3,9,36,10,1,pillow,1.0,1,314,207,12,1
hold|plate,2,1,0,2,1,0,2,0,1,plate,1.0,1,348,17,2,0
hold|put,0,0,1,0,0,1,0,1,1,put,1.0,1,350,2,0,0
hold|run,1,0,0,1,0,0,1,0,1,run,1.0,1,349,1,0,0
hold|sandwich,11,3,2,10,2,2,11,2,1,sandwich,1.0,1,339,302,9,0
hold|shoe,7,0,4,7,0,4,7,4,1,shoe,1.0,1,343,332,18,0
hold|stack,0,0,1,0,0,1,0,1,1,stack,1.0,1,350,5,0,0
hold|towel,23,4,12,23,3,11,23,12,1,towel,1.0,1,327,132,7,0
hold|tray,1,0,0,1,0,0,1,0,1,tray,1.0,1,349,0,0,0
hold|twirl,1,0,0,1,0,0,1,0,1,twirl,1.0,1,349,0,0,0
hold|vacuum,3,0,1,3,0,1,3,1,1,vacuum,1.0,1,347,19,0,0
isdrinke|glass,1,0,0,1,0,0,1,0,1,glass,1.0,1,0,378,0,0
jiggle|doorknob,0,0,1,0,0,1,0,1,1,doorknob,1.0,1,0,28,0,0
kick|door,1,0,0,1,0,0,1,0,1,door,1.0,1,0,1022,1,0
kneel|floor,0,0,1,0,0,1,0,1,1,floor,1.0,1,0,133,0,0
laugh|absurdity,1,0,0,1,0,0,1,0,1,absurdity,1.0,1,55,0,0,0
laugh|bag,1,0,0,1,0,0,1,0,1,bag,1.0,1,55,291,1,0
laugh|bend,1,0,0,1,0,0,1,0,1,bend,1.0,1,55,0,0,0
laugh|blanket,1,0,1,1,0,1,1,1,1,blanket,1.0,1,55,175,1,0
laugh|book,1,1,3,1,1,3,1,3,1,book,1.0,1,55,381,2,1
laugh|box,1,0,0,1,0,0,1,0,1,box,1.0,1,55,232,2,0
laugh|camera,2,0,1,2,0,1,2,1,1,camera,1.0,1,54,89,0,0
laugh|ceiling,1,0,0,1,0,0,1,0,1,ceiling,1.0,1,55,0,0,0
laugh|cellphone,0,0,1,0,0,1,0,1,1,cellphone,1.0,1,56,1,0,0
laugh|cooking,1,0,0,1,0,0,1,0,1,cooking,1.0,1,55,4,0,0
laugh|doorknob,1,0,0,1,0,0,1,0,1,doorknob,1.0,1,55,27,0,0
laugh|doorway,3,0,1,3,0,1,3,1,1,doorway,1.0,1,53,199,0,0
laugh|drink,1,0,0,1,0,0,1,0,1,drink,1.0,1,55,81,0,0
laugh|food,1,0,0,1,0,0,1,0,1,food,1.0,1,55,289,3,0
laugh|front,2,0,1,2,0,1,2,1,1,front,1.0,1,54,34,0,0
laugh|garage,0,1,0,0,1,0,0,0,1,garage,1.0,1,56,21,0,0
laugh|glass,1,0,0,1,0,0,1,0,1,glass,1.0,1,55,378,2,0
laugh|homework,0,1,0,0,1,0,0,0,1,homework,1.0,1,56,14,0,0
laugh|kitchen,1,0,1,1,0,1,1,1,1,kitchen,1.0,1,55,37,0,0
laugh|laptop,0,0,1,0,0,1,0,1,1,laptop,1.0,1,56,292,1,0
laugh|leave,1,0,0,1,0,0,1,0,1,leave,1.0,1,55,0,0,0
laugh|light,1,0,0,1,0,0,1,0,1,light,1.0,1,55,505,1,0
laugh|manner,0,0,1,0,0,1,0,1,1,manner,1.0,1,56,0,0,0
laugh|mirror,3,0,1,3,0,1,3,1,1,mirror,1.0,1,53,53,0,0
laugh|movement,1,0,0,1,0,0,1,0,1,movement,1.0,1,55,0,0,0
laugh|pantry,0,0,1,0,0,1,0,1,1,pantry,1.0,1,56,6,0,0
laugh|person,3,0,1,3,0,1,3,1,1,person,1.0,1,53,11,0,0
laugh|phone,9,1,2,9,1,2,9,2,1,phone,1.0,1,47,225,0,0
laugh|picture,4,1,1,4,1,1,4,1,1,picture,1.0,1,52,210,0,0
laugh|program,0,0,1,0,0,1,0,1,1,program,1.0,1,56,2,0,0
laugh|show,2,0,0,2,0,0,2,0,1,show,1.0,1,54,1,0,0
laugh|sink,1,0,0,1,0,0,1,0,1,sink,1.0,1,55,7,0,0
laugh|stair,1,0,0,1,0,0,1,0,1,stair,1.0,1,55,39,0,0
laugh|stove,1,0,0,1,0,0,1,0,1,stove,1.0,1,55,82,0,0
laugh|table,0,0,1,0,0,1,0,1,1,table,1.0,1,56,131,1,0
laugh|television,7,1,1,6,1,1,7,1,1,television,1.0,1,49,69,0,0
laugh|towel,0,0,1,0,0,1,0,1,1,towel,1.0,1,56,155,0,0
laugh|tv,1,1,2,1,1,1,1,2,1,tv,1.0,1,55,1,0,0
laugh|video,0,2,0,0,2,0,0,0,1,video,1.0,1,56,10,0,0
laugh|whole,1,0,0,1,0,0,1,0,1,whole,1.0,1,55,0,0,0
lay|awaken,0,1,0,0,1,0,0,0,1,awaken,1.0,1,26,10,1,0
lay|bed,4,0,1,4,0,1,4,1,1,bed,1.0,1,22,120,1,0
lay|clothe,1,0,0,1,0,0,1,0,1,clothe,1.0,1,25,268,0,0
lay|couch,1,0,0,1,0,0,1,0,1,couch,1.0,1,25,77,0,0
lay|floor,16,3,10,15,2,7,16,10,1,floor,1.0,1,10,117,1,0
lay|ground,1,0,0,1,0,0,1,0,1,ground,1.0,1,25,0,0,0
lay|mirror,1,0,0,1,0,0,1,0,1,mirror,1.0,1,25,55,0,0
lay|pillow,1,0,0,1,0,0,1,0,1,pillow,1.0,1,25,242,0,0
lay|sofa,1,0,1,1,0,1,1,1,1,sofa,1.0,1,25,83,0,0
lean|doorway,1,0,0,1,0,0,1,0,1,doorway,1.0,1,0,201,0,0
leave|bedroom,1,0,0,1,0,0,1,0,1,bedroom,1.0,1,12,23,0,0
leave|closet,0,0,3,0,0,3,0,3,1,closet,1.0,1,13,62,1,2
leave|door,2,1,1,2,1,1,2,1,1,door,1.0,1,11,1021,10,0
leave|doorway,1,0,0,1,0,0,1,0,1,doorway,1.0,1,12,201,2,0
leave|light,2,0,0,2,0,0,2,0,1,light,1.0,1,11,504,6,0
leave|open,1,0,0,1,0,0,1,0,1,open,1.0,1,12,1,0,0
leave|phone,0,0,1,0,0,1,0,1,1,phone,1.0,1,13,234,0,0
leave|room,4,1,1,4,1,1,4,1,1,room,1.0,1,9,141,0,0
leave|table,1,0,0,1,0,0,1,0,1,table,1.0,1,12,130,0,0
leave|turn,1,0,0,1,0,0,1,0,1,turn,1.0,1,12,3,0,0
lend|table,0,0,1,0,0,1,0,1,1,table,1.0,1,0,131,0,0
lie|awaken,5,1,2,5,1,2,5,2,1,awaken,1.0,1,34,5,0,0
lie|bed,18,0,6,17,0,5,18,6,1,bed,1.0,1,21,106,1,0
lie|blanket,2,0,0,2,0,0,2,0,1,blanket,1.0,1,37,174,0,0
lie|carpet,1,0,0,1,0,0,1,0,1,carpet,1.0,1,38,0,0,0
lie|couch,4,0,2,4,0,2,4,2,1,couch,1.0,1,35,74,2,0
lie|doorway,1,0,0,1,0,0,1,0,1,doorway,1.0,1,38,201,0,0
lie|floor,4,1,1,4,1,1,4,1,1,floor,1.0,1,35,129,4,0
lie|sofa,4,2,0,4,2,0,4,0,1,sofa,1.0,1,35,80,0,0
lift|head,1,0,0,1,0,0,1,0,1,head,1.0,1,0,0,0,0
load|washer,1,0,0,1,0,0,1,0,1,washer,1.0,1,0,0,0,0
look|book,22,3,15,20,3,13,22,15,1,book,1.0,1,188,360,6,1
look|computer,0,0,1,0,0,1,0,1,1,computer,1.0,1,210,4,0,0
look|hair,0,1,0,0,1,0,0,0,1,hair,1.0,1,210,40,2,0
look|laughing,1,0,0,1,0,0,1,0,1,laughing,1.0,1,209,7,0,0
look|light,1,0,0,1,0,0,1,0,1,light,1.0,1,209,505,2,0
look|magazine,1,0,0,1,0,0,1,0,1,magazine,1.0,1,209,0,0,0
look|mirror,2,0,1,2,0,1,2,1,1,mirror,1.0,1,208,54,0,0
look|outy,0,0,1,0,0,1,0,1,1,outy,1.0,1,210,0,0,0
look|picture,43,4,12,37,4,10,43,12,1,picture,1.0,1,167,171,5,1
look|room,1,0,0,1,0,0,1,0,1,room,1.0,1,209,144,3,0
look|thing,0,0,1,0,0,1,0,1,1,thing,1.0,1,210,9,0,0
look|window,139,24,32,105,17,24,139,32,1,window,1.0,1,71,128,8,0
make|clothe,1,0,0,1,0,0,1,0,1,clothe,1.0,1,4,268,0,0
make|sandwich,4,0,0,4,0,0,4,0,1,sandwich,1.0,1,1,309,0,0
move|cabinet,0,0,1,0,0,1,0,1,1,cabinet,1.0,1,3,232,1,0
move|chair,1,0,0,1,0,0,1,0,1,chair,1.0,1,2,295,0,0
move|curtain,1,0,0,1,0,0,1,0,1,curtain,1.0,1,2,1,0,0
move|window,1,0,0,1,0,0,1,0,1,window,1.0,1,2,266,3,0
opend|cabinet,1,0,0,1,0,0,1,0,1,cabinet,1.0,1,1,231,0,0
opend|door,1,0,0,1,0,0,1,0,1,door,1.0,1,1,1022,0,0
open|adn,0,0,1,0,0,1,0,1,1,adn,1.0,1,1194,0,0,0
open|bag,74,7,21,68,7,19,74,21,1,bag,1.0,1,1120,218,19,0
open|bathroom,1,0,0,1,0,0,1,0,1,bathroom,1.0,1,1193,26,0,0
open|bite,0,0,1,0,0,1,0,1,1,bite,1.0,1,1194,22,1,0
open|blind,1,2,0,1,1,0,1,0,1,blind,1.0,1,1193,2,0,0
open|book,68,10,12,59,9,11,68,12,1,book,1.0,1,1126,314,18,0
open|box,65,9,37,57,8,29,65,37,1,box,1.0,1,1129,168,27,0
open|cabinet,184,20,46,147,18,31,184,46,1,cabinet,1.0,1,1010,48,10,8
open|closet,38,3,21,37,3,16,38,21,1,closet,1.0,1,1156,24,8,13
open|computer,1,0,1,1,0,1,1,1,1,computer,1.0,1,1193,3,1,0
open|couple,1,0,0,1,0,0,1,0,1,couple,1.0,1,1193,1,0,0
open|curtain,1,0,1,1,0,1,1,1,1,curtain,1.0,1,1193,1,0,0
open|door,512,65,224,410,49,151,512,224,1,door,1.0,1,682,511,52,33
open|doorknob,4,1,1,4,1,1,4,1,1,doorknob,1.0,1,1190,24,4,0
open|doorway,2,1,0,2,1,0,2,0,1,doorway,1.0,1,1192,200,13,0
open|drawer,0,0,1,0,0,1,0,1,1,drawer,1.0,1,1194,2,0,0
open|game,1,0,0,1,0,0,1,0,1,game,1.0,1,1193,14,0,0
open|grocery,0,0,1,0,0,1,0,1,1,grocery,1.0,1,1194,47,6,0
open|knob,0,1,0,0,1,0,0,0,1,knob,1.0,1,1194,1,0,0
open|laptop,80,6,22,51,4,13,80,22,1,laptop,1.0,1,1114,212,10,0
open|medicine,0,0,1,0,0,1,0,1,1,medicine,1.0,1,1194,79,5,0
open|milk,0,0,1,0,0,1,0,1,1,milk,1.0,1,1194,3,2,0
open|mirror,2,0,0,2,0,0,2,0,1,mirror,1.0,1,1192,54,3,0
open|mobile,0,0,1,0,0,1,0,1,1,mobile,1.0,1,1194,0,0,0
open|refrigerator,103,11,30,88,9,23,103,30,1,refrigerator,1.0,1,1091,24,4,1
open|rice,1,0,0,1,0,0,1,0,1,rice,1.0,1,1193,0,0,0
open|sandwich,2,0,0,2,0,0,2,0,1,sandwich,1.0,1,1192,311,18,0
open|screen,1,0,0,1,0,0,1,0,1,screen,1.0,1,1193,3,0,0
open|towel,0,0,1,0,0,1,0,1,1,towel,1.0,1,1194,155,12,0
open|wardrobe,1,0,0,1,0,0,1,0,1,wardrobe,1.0,1,1193,5,0,0
open|window,51,15,18,35,9,9,51,18,1,window,1.0,1,1143,216,10,0
organize|table,0,0,1,0,0,1,0,1,1,table,1.0,1,0,131,0,0
pack|bag,1,0,0,1,0,0,1,0,1,bag,1.0,1,0,291,0,0
personlaye|floor,1,0,0,1,0,0,1,0,1,floor,1.0,1,0,132,0,0
person|lay,1,0,0,1,0,0,1,0,1,lay,1.0,1,0,0,0,0
pick_up|bag,1,0,0,1,0,0,1,0,1,bag,1.0,1,12,291,0,0
pick_up|book,2,0,0,2,0,0,2,0,1,book,1.0,1,11,380,3,0
pick_up|bottle,1,0,0,1,0,0,1,0,1,bottle,1.0,1,12,52,0,0
pick_up|box,0,1,0,0,1,0,0,0,1,box,1.0,1,13,233,0,0
pick_up|camera,2,0,0,2,0,0,2,0,1,camera,1.0,1,11,89,0,0
pick_up|cup,1,0,1,1,0,1,1,1,1,cup,1.0,1,12,205,1,0
pick_up|drink,1,0,0,1,0,0,1,0,1,drink,1.0,1,12,81,0,0
pick_up|food,0,0,1,0,0,1,0,1,1,food,1.0,1,13,290,1,0
pick_up|phone,1,0,1,1,0,1,1,1,1,phone,1.0,1,12,233,1,0
pick_up|picture,2,0,0,2,0,0,2,0,1,picture,1.0,1,11,212,0,0
pick_up|plate,1,0,0,1,0,0,1,0,1,plate,1.0,1,12,18,0,0
pick_up|sandwich,1,0,1,1,0,1,1,1,1,sandwich,1.0,1,12,312,0,0
pick_up|shoe,0,1,0,0,1,0,0,0,1,shoe,1.0,1,13,339,0,0
pick_up|talk,0,0,1,0,0,1,0,1,1,talk,1.0,1,13,0,0,0
place|box,1,0,0,1,0,0,1,0,1,box,1.0,1,2,232,0,0
place|cup,1,0,0,1,0,0,1,0,1,cup,1.0,1,2,205,0,0
place|pair,1,0,0,1,0,0,1,0,1,pair,1.0,1,2,33,0,0
play|camera,2,3,2,2,2,2,2,2,1,camera,1.0,1,82,89,1,0
play|flashlight,1,0,0,1,0,0,1,0,1,flashlight,1.0,1,83,1,0,0
play|game,13,1,4,11,1,4,13,4,1,game,1.0,1,71,2,0,0
play|laptop,18,0,2,17,0,2,18,2,1,laptop,1.0,1,66,274,2,0
play|light,2,1,0,1,1,0,2,0,1,light,1.0,1,82,504,2,0
play|phone,46,4,13,40,4,10,46,13,1,phone,1.0,1,38,188,4,1
play|switch,2,0,2,2,0,2,2,2,1,switch,1.0,1,82,6,2,0
plug|light,0,0,1,0,0,1,0,1,1,light,1.0,1,0,506,2,0
pour|beer,1,0,0,1,0,0,1,0,1,beer,1.0,1,232,1,0,0
pour|beverage,3,0,1,3,0,1,3,1,1,beverage,1.0,1,230,2,0,0
pour|bottle,1,0,2,1,0,2,1,2,1,bottle,1.0,1,232,52,2,1
pour|coffee,25,5,2,22,4,2,25,2,1,coffee,1.0,1,208,24,0,0
pour|coke,0,0,1,0,0,1,0,1,1,coke,1.0,1,233,0,1,0
pour|content,3,0,2,3,0,2,3,2,1,content,1.0,1,230,1,0,0
pour|cup,38,2,11,33,2,9,38,11,1,cup,1.0,1,195,168,2,2
pour|dew,1,0,0,1,0,0,1,0,1,dew,1.0,1,232,0,0,0
pour|drink,17,1,4,16,1,4,17,4,1,drink,1.0,1,216,65,3,0
pour|food,1,0,0,1,0,0,1,0,1,food,1.0,1,232,289,0,0
pour|glass,68,4,20,59,4,15,68,20,1,glass,1.0,1,165,311,5,5
pour|juice,3,0,1,3,0,1,3,1,1,juice,1.0,1,230,0,0,0
pour|liquid,5,0,1,5,0,1,5,1,1,liquid,1.0,1,228,0,0,0
pour|medicine,4,0,2,4,0,2,4,2,1,medicine,1.0,1,229,75,3,0
pour|milk,2,0,2,2,0,2,2,2,1,milk,1.0,1,231,1,0,0
pour|pitcher,1,0,0,1,0,0,1,0,1,pitcher,1.0,1,232,0,0,0
pour|pop,1,0,0,1,0,0,1,0,1,pop,1.0,1,232,0,0,0
pour|pot,1,0,0,1,0,0,1,0,1,pot,1.0,1,232,4,0,0
pour|soap,0,0,1,0,0,1,0,1,1,soap,1.0,1,233,0,1,0
pour|soda,9,0,1,9,0,1,9,1,1,soda,1.0,1,224,3,0,0
pour|tea,1,0,0,1,0,0,1,0,1,tea,1.0,1,232,0,0,0
pour|thing,0,0,1,0,0,1,0,1,1,thing,1.0,1,233,9,0,0
pour|water,46,4,5,39,3,5,46,5,1,water,1.0,1,187,31,0,0
pour|wine,1,0,0,1,0,0,1,0,1,wine,1.0,1,232,0,0,0
pour|word,1,0,0,1,0,0,1,0,1,word,1.0,1,232,0,0,0
proceed|undress,1,0,0,1,0,0,1,0,1,undress,1.0,1,2,0,0,0
proceed|window,1,0,0,1,0,0,1,0,1,window,1.0,1,2,266,0,0
proceed|work,1,0,0,1,0,0,1,0,1,work,1.0,1,2,2,0,0
prop|awaken,0,0,1,0,0,1,0,1,1,awaken,1.0,1,0,10,0,0
pull|camera,2,0,0,2,0,0,2,0,1,camera,1.0,1,3,89,0,0
pull|door,1,0,0,1,0,0,1,0,1,door,1.0,1,4,1022,0,0
pull|light,1,0,0,1,0,0,1,0,1,light,1.0,1,4,505,0,0
pull|open,1,0,0,1,0,0,1,0,1,open,1.0,1,4,1,0,0
push|door,1,0,0,1,0,0,1,0,1,door,1.0,1,0,1022,0,0
put_down|bag,19,4,6,19,4,5,19,6,1,bag,1.0,1,172,273,4,0
put_down|blanket,5,0,1,4,0,1,5,1,1,blanket,1.0,1,186,171,2,0
put_down|book,25,4,15,24,4,12,25,15,1,book,1.0,1,166,357,9,0
put_down|bottle,1,0,0,1,0,0,1,0,1,bottle,1.0,1,190,52,0,0
put_down|box,9,0,5,9,0,5,9,5,1,box,1.0,1,182,224,6,0
put_down|broom,10,0,9,9,0,7,10,9,1,broom,1.0,1,181,84,5,0
put_down|camera,8,2,2,7,2,2,8,2,1,camera,1.0,1,183,83,1,0
put_down|cellphone,1,0,0,1,0,0,1,0,1,cellphone,1.0,1,190,0,0,0
put_down|clothe,1,0,0,1,0,0,1,0,1,clothe,1.0,1,190,268,2,0
put_down|coffee,2,0,0,2,0,0,2,0,1,coffee,1.0,1,189,47,0,0
put_down|cup,7,2,6,7,2,6,7,6,1,cup,1.0,1,184,199,5,1
put_down|dish,3,1,1,3,1,1,3,1,1,dish,1.0,1,188,110,1,0
put_down|food,7,0,2,6,0,2,7,2,1,food,1.0,1,184,283,10,0
put_down|glass,23,0,1,22,0,1,23,1,1,glass,1.0,1,168,356,3,0
put_down|grocery,1,0,0,1,0,0,1,0,1,grocery,1.0,1,190,46,1,0
put_down|jar,0,0,1,0,0,1,0,1,1,jar,1.0,1,191,0,1,0
put_down|laptop,11,0,10,10,0,9,11,10,1,laptop,1.0,1,180,281,8,0
put_down|medicine,0,0,1,0,0,1,0,1,1,medicine,1.0,1,191,79,0,0
put_down|pair,1,0,0,1,0,0,1,0,1,pair,1.0,1,190,33,2,0
put_down|paper,0,1,0,0,1,0,0,0,1,paper,1.0,1,191,8,0,0
put_down|phone,20,1,5,17,1,4,20,5,1,phone,1.0,1,171,214,7,0
put_down|picture,4,0,4,4,0,3,4,4,1,picture,1.0,1,187,210,13,0
put_down|pillow,4,2,6,4,2,5,4,6,1,pillow,1.0,1,187,239,3,0
put_down|plate,0,0,1,0,0,1,0,1,1,plate,1.0,1,191,19,1,0
put_down|sandwich,10,1,3,10,1,3,10,3,1,sandwich,1.0,1,181,303,5,0
put_down|shelf,0,0,1,0,0,1,0,1,1,shelf,1.0,1,191,73,0,0
put_down|shoe,2,1,3,2,1,2,2,3,1,shoe,1.0,1,189,337,10,0
put_down|stack,1,0,0,1,0,0,1,0,1,stack,1.0,1,190,4,0,0
put_down|supply,0,1,0,0,1,0,0,0,1,supply,1.0,1,191,0,0,0
put_down|table,4,0,2,4,0,2,4,2,1,table,1.0,1,187,127,2,0
put_down|towel,9,3,3,9,3,3,9,3,1,towel,1.0,1,182,146,4,0
put_down|water,3,0,1,3,0,1,3,1,1,water,1.0,1,188,74,0,0
put_in|bag,16,0,2,16,0,2,16,2,1,bag,1.0,1,184,276,11,0
put_in|blanket,11,0,2,9,0,1,11,2,1,blanket,1.0,1,189,165,1,0
put_in|book,6,1,0,6,1,0,6,0,1,book,1.0,1,194,376,3,0
put_in|bottle,0,0,2,0,0,1,0,2,1,bottle,1.0,1,200,53,2,0
put_in|box,15,1,6,13,1,5,15,6,1,box,1.0,1,185,218,15,0
put_in|broom,10,2,2,9,2,2,10,2,1,broom,1.0,1,190,84,2,0
put_in|camera,1,1,0,1,1,0,1,0,1,camera,1.0,1,199,90,2,0
put_in|card,1,0,0,1,0,0,1,0,1,card,1.0,1,199,1,0,0
put_in|closet,1,0,0,1,0,0,1,0,1,closet,1.0,1,199,61,3,0
put_in|clothe,41,5,7,39,5,7,41,7,1,clothe,1.0,1,159,228,5,0
put_in|clothing,1,0,1,1,0,1,1,1,1,clothing,1.0,1,199,4,0,0
put_in|cup,4,0,3,4,0,2,4,3,1,cup,1.0,1,196,202,0,1
put_in|dish,19,0,3,18,0,3,19,3,1,dish,1.0,1,181,94,4,0
put_in|food,7,0,2,6,0,2,7,2,1,food,1.0,1,193,283,1,0
put_in|foot,1,0,0,1,0,0,1,0,1,foot,1.0,1,199,6,0,0
put_in|glass,5,0,1,5,0,1,5,1,1,glass,1.0,1,195,374,0,1
put_in|grocery,4,1,3,4,1,3,4,3,1,grocery,1.0,1,196,43,1,0
put_in|hand,1,0,0,1,0,0,1,0,1,hand,1.0,1,199,57,0,0
put_in|item,1,0,0,1,0,0,1,0,1,item,1.0,1,199,14,0,0
put_in|kleenex,1,0,0,1,0,0,1,0,1,kleenex,1.0,1,199,0,0,0
put_in|laptop,10,0,1,8,0,1,10,1,1,laptop,1.0,1,190,282,0,0
put_in|lightbulb,0,0,1,0,0,1,0,1,1,lightbulb,1.0,1,200,1,1,0
put_in|mirror,0,0,3,0,0,1,0,3,1,mirror,1.0,1,200,56,0,0
put_in|notebook,0,1,0,0,1,0,0,0,1,notebook,1.0,1,200,4,0,0
put_in|object,1,0,0,1,0,0,1,0,1,object,1.0,1,199,0,0,0
put_in|pair,1,0,0,1,0,0,1,0,1,pair,1.0,1,199,33,0,0
put_in|paper,0,0,2,0,0,2,0,2,1,paper,1.0,1,200,8,0,0
put_in|phone,12,1,1,9,1,1,12,1,1,phone,1.0,1,188,222,1,0
put_in|picture,1,0,0,1,0,0,1,0,1,picture,1.0,1,199,213,0,0
put_in|pillow,5,1,3,5,1,3,5,3,1,pillow,1.0,1,195,238,1,0
put_in|plate,0,0,1,0,0,1,0,1,1,plate,1.0,1,200,19,0,0
put_in|sandwhich,1,0,0,1,0,0,1,0,1,sandwhich,1.0,1,199,0,0,0
put_in|sandwich,1,0,2,1,0,2,1,2,1,sandwich,1.0,1,199,312,1,0
put_in|shelf,4,1,1,4,1,1,4,1,1,shelf,1.0,1,196,69,3,0
put_in|shoe,6,0,9,5,0,7,6,9,1,shoe,1.0,1,194,333,7,1
put_in|stuff,2,0,2,2,0,2,2,2,1,stuff,1.0,1,198,2,0,0
put_in|table,1,0,0,1,0,0,1,0,1,table,1.0,1,199,130,2,0
put_in|thing,2,0,0,2,0,0,2,0,1,thing,1.0,1,198,7,0,0
put_in|towel,7,1,0,6,1,0,7,0,1,towel,1.0,1,193,148,0,0
put_in|trash,0,2,0,0,2,0,0,0,1,trash,1.0,1,200,1,0,0
put_on|clothe,11,0,5,11,0,5,11,5,1,clothe,1.0,1,128,258,2,0
put_on|detergent,2,0,0,2,0,0,2,0,1,detergent,1.0,1,137,0,0,0
put_on|glass,0,0,2,0,0,1,0,2,1,glass,1.0,1,139,379,1,2
put_on|jacket,2,0,0,2,0,0,2,0,1,jacket,1.0,1,137,2,1,0
put_on|laptop,1,0,0,1,0,0,1,0,1,laptop,1.0,1,138,291,1,0
put_on|pair,11,3,3,11,3,3,11,3,1,pair,1.0,1,128,23,2,0
put_on|shelf,2,1,0,2,1,0,2,0,1,shelf,1.0,1,137,71,0,0
put_on|shirt,1,0,1,1,0,1,1,1,1,shirt,1.0,1,138,4,0,0
put_on|shoe,107,10,40,67,7,22,107,40,1,shoe,1.0,1,32,232,1,0
put_on|sweater,1,0,0,1,0,0,1,0,1,sweater,1.0,1,138,2,1,0
put_on|table,1,0,0,1,0,0,1,0,1,table,1.0,1,138,130,2,0
put_on|towel,0,0,1,0,0,1,0,1,1,towel,1.0,1,139,155,3,0
put_up|book,0,1,0,0,1,0,0,0,1,book,1.0,1,7,382,0,0
put_up|box,1,0,0,1,0,0,1,0,1,box,1.0,1,6,232,0,0
put_up|broom,1,0,1,1,0,1,1,1,1,broom,1.0,1,6,93,1,0
put_up|foot,3,0,0,3,0,0,3,0,1,foot,1.0,1,4,4,0,0
put_up|grocery,1,0,0,1,0,0,1,0,1,grocery,1.0,1,6,46,0,0
put_up|leg,0,0,1,0,0,1,0,1,1,leg,1.0,1,7,0,0,0
put_up|shelf,1,0,0,1,0,0,1,0,1,shelf,1.0,1,6,72,0,0
put|bag,46,4,16,44,4,14,46,16,1,bag,1.0,1,706,246,11,0
put|beer,1,0,0,1,0,0,1,0,1,beer,1.0,1,751,1,0,0
put|blanket,31,2,9,28,2,8,31,9,1,blanket,1.0,1,721,145,9,0
put|boo,1,0,0,1,0,0,1,0,1,boo,1.0,1,751,0,0,0
put|book,40,7,15,33,6,11,40,15,1,book,1.0,1,712,342,5,4
put|boot,1,0,0,1,0,0,1,0,1,boot,1.0,1,751,0,0,0
put|bottle,2,2,0,2,2,0,2,0,1,bottle,1.0,1,750,51,0,0
put|bowl,1,0,1,1,0,1,1,1,1,bowl,1.0,1,751,2,0,0
put|box,45,7,10,35,7,8,45,10,1,box,1.0,1,707,188,21,0
put|broom,19,2,8,17,2,6,19,8,1,broom,1.0,1,733,75,6,0
put|camera,21,5,5,18,4,5,21,5,1,camera,1.0,1,731,70,2,0
put|can,0,0,1,0,0,1,0,1,1,can,1.0,1,752,0,0,0
put|cap,1,0,0,1,0,0,1,0,1,cap,1.0,1,751,0,0,0
put|clothe,45,8,15,42,8,14,45,15,1,clothe,1.0,1,707,224,9,0
put|clothing,3,0,0,3,0,0,3,0,1,clothing,1.0,1,749,2,1,0
put|coffee,5,0,0,5,0,0,5,0,1,coffee,1.0,1,747,44,1,0
put|container,0,0,1,0,0,1,0,1,1,container,1.0,1,752,1,0,0
put|cup,14,6,9,14,5,7,14,9,1,cup,1.0,1,738,192,3,2
put|dish,27,3,9,23,3,9,27,9,1,dish,1.0,1,725,86,2,0
put|drink,3,0,0,3,0,0,3,0,1,drink,1.0,1,749,79,1,0
put|food,32,2,15,29,2,14,32,15,1,food,1.0,1,720,258,9,0
put|foot,1,0,0,1,0,0,1,0,1,foot,1.0,1,751,6,0,0
put|frame,1,0,0,1,0,0,1,0,1,frame,1.0,1,751,0,0,0
put|glass,30,2,3,29,2,3,30,3,1,glass,1.0,1,722,349,6,0
put|grocery,37,3,8,32,3,6,37,8,1,grocery,1.0,1,715,10,2,0
put|homework,6,0,1,6,0,1,6,1,1,homework,1.0,1,746,8,0,0
put|item,8,0,2,7,0,2,8,2,1,item,1.0,1,744,7,0,0
put|jacket,0,0,1,0,0,1,0,1,1,jacket,1.0,1,752,4,0,0
put|key,2,0,0,2,0,0,2,0,1,key,1.0,1,750,0,0,0
put|laptop,23,4,7,19,3,7,23,7,1,laptop,1.0,1,729,269,10,0
put|light,1,0,2,1,0,2,1,2,1,light,1.0,1,751,505,10,0
put|medicine,1,2,0,1,1,0,1,0,1,medicine,1.0,1,751,78,1,0
put|mirror,2,0,0,2,0,0,2,0,1,mirror,1.0,1,750,54,0,0
put|notebook,1,0,1,1,0,1,1,1,1,notebook,1.0,1,751,3,1,0
put|other,0,0,1,0,0,1,0,1,1,other,1.0,1,752,0,0,0
put|pair,5,0,0,5,0,0,5,0,1,pair,1.0,1,747,29,1,0
put|pan,2,0,0,2,0,0,2,0,1,pan,1.0,1,750,2,0,0
put|pantry,1,0,0,1,0,0,1,0,1,pantry,1.0,1,751,5,0,0
put|paper,6,0,1,6,0,1,6,1,1,paper,1.0,1,746,2,1,0
put|person,1,0,0,1,0,0,1,0,1,person,1.0,1,751,13,1,0
put|phone,22,6,6,19,6,6,22,6,1,phone,1.0,1,730,212,10,0
put|picture,10,2,9,9,2,8,10,9,1,picture,1.0,1,742,204,16,0
put|piece,1,1,0,1,1,0,1,0,1,piece,1.0,1,751,6,0,0
put|pile,1,0,0,1,0,0,1,0,1,pile,1.0,1,751,9,0,0
put|pillow,36,2,8,33,2,7,36,8,1,pillow,1.0,1,716,207,8,1
put|plate,5,2,2,5,1,2,5,2,1,plate,1.0,1,747,14,2,0
put|remote,1,0,1,1,0,1,1,1,1,remote,1.0,1,751,0,0,0
put|sandwich,19,0,5,18,0,5,19,5,1,sandwich,1.0,1,733,294,3,0
put|sheet,1,0,0,1,0,0,1,0,1,sheet,1.0,1,751,2,0,0
put|shelf,56,6,16,53,5,16,56,16,1,shelf,1.0,1,696,17,1,0
put|shoe,27,5,8,24,5,7,27,8,1,shoe,1.0,1,725,312,21,1
put|sink,1,0,0,1,0,0,1,0,1,sink,1.0,1,751,7,0,0
put|soap,0,0,1,0,0,1,0,1,1,soap,1.0,1,752,0,1,0
put|start,1,0,0,1,0,0,1,0,1,start,1.0,1,751,0,0,0
put|stuff,2,0,0,2,0,0,2,0,1,stuff,1.0,1,750,2,1,0
put|table,41,6,15,41,6,14,41,15,1,table,1.0,1,711,90,2,0
put|thermo,1,0,0,1,0,0,1,0,1,thermo,1.0,1,751,0,0,0
put|thing,5,0,1,5,0,1,5,1,1,thing,1.0,1,747,4,0,0
put|tool,2,0,0,1,0,0,2,0,1,tool,1.0,1,750,1,0,0
put|top,2,0,0,2,0,0,2,0,1,top,1.0,1,750,3,0,0
put|towel,48,7,13,44,5,12,48,13,1,towel,1.0,1,704,107,6,0
put|vacuum,1,0,0,1,0,0,1,0,1,vacuum,1.0,1,751,21,0,0
put|watch,1,0,0,1,0,0,1,0,1,watch,1.0,1,751,0,0,0
put|water,2,0,0,2,0,0,2,0,1,water,1.0,1,750,75,0,0
reach|cabinet,1,0,0,1,0,0,1,0,1,cabinet,1.0,1,3,231,0,0
reach|doorknob,0,1,0,0,1,0,0,0,1,doorknob,1.0,1,4,28,0,0
reach|glass,1,0,0,1,0,0,1,0,1,glass,1.0,1,3,378,0,0
reach|person,1,0,0,1,0,0,1,0,1,person,1.0,1,3,13,0,0
reach|picture,1,0,0,1,0,0,1,0,1,picture,1.0,1,3,213,0,0
read|book,61,8,21,51,8,16,61,21,1,book,1.0,1,1,321,12,0
read|notebook,1,0,0,1,0,0,1,0,1,notebook,1.0,1,61,3,0,0
read|page,0,0,1,0,0,1,0,1,1,page,1.0,1,62,1,0,0
reclose|box,1,0,0,1,0,0,1,0,1,box,1.0,1,0,232,0,0
reenter|room,1,0,0,1,0,0,1,0,1,room,1.0,1,0,144,0,0
remember|medicine,1,0,0,1,0,0,1,0,1,medicine,1.0,1,0,78,0,0
remove|clothe,1,0,0,1,0,0,1,0,1,clothe,1.0,1,1,268,0,0
remove|snack,0,0,1,0,0,1,0,1,1,snack,1.0,1,2,21,0,0
remove|soda,1,0,0,1,0,0,1,0,1,soda,1.0,1,1,11,0,0
remove|sweatshirt,0,0,1,0,0,1,0,1,1,sweatshirt,1.0,1,2,0,1,0
repeat|process,0,0,1,0,0,1,0,1,1,process,1.0,1,0,0,0,0
replace|lightbulb,1,0,0,1,0,0,1,0,1,lightbulb,1.0,1,0,0,0,0
run|bag,2,0,2,2,0,2,2,2,1,bag,1.0,1,300,290,3,0
run|basement,4,0,0,4,0,0,4,0,1,basement,1.0,1,298,2,0,0
run|bathroom,10,2,2,6,1,1,10,2,1,bathroom,1.0,1,292,17,0,0
run|bed,2,0,0,2,0,0,2,0,1,bed,1.0,1,300,122,3,0
run|bedroom,7,1,4,7,1,4,7,4,1,bedroom,1.0,1,295,17,0,0
run|blanket,2,0,0,2,0,0,2,0,1,blanket,1.0,1,300,174,12,0
run|book,1,0,0,1,0,0,1,0,1,book,1.0,1,301,381,6,0
run|box,1,0,0,1,0,0,1,0,1,box,1.0,1,301,232,1,0
run|broom,4,0,0,4,0,0,4,0,1,broom,1.0,1,298,90,1,0
run|cabinet,1,0,1,1,0,1,1,1,1,cabinet,1.0,1,301,231,8,0
run|camera,1,0,0,1,0,0,1,0,1,camera,1.0,1,301,90,0,0
run|chair,0,0,1,0,0,1,0,1,1,chair,1.0,1,302,296,4,0
run|circle,4,0,1,4,0,1,4,1,1,circle,1.0,1,298,0,0,0
run|close,1,0,0,1,0,0,1,0,1,close,1.0,1,301,0,0,0
run|closet,11,1,4,7,1,4,11,4,1,closet,1.0,1,291,51,0,3
run|couch,1,0,0,1,0,0,1,0,1,couch,1.0,1,301,77,1,0
run|dancing,1,0,0,1,0,0,1,0,1,dancing,1.0,1,301,0,0,0
run|desk,2,0,0,2,0,0,2,0,1,desk,1.0,1,300,14,0,0
run|dish,1,0,0,1,0,0,1,0,1,dish,1.0,1,301,112,1,0
run|door,17,1,7,17,1,5,17,7,1,door,1.0,1,285,1006,14,0
run|doorway,12,5,6,12,5,6,12,6,1,doorway,1.0,1,290,190,0,0
run|driveway,1,0,0,1,0,0,1,0,1,driveway,1.0,1,301,0,0,0
run|entryway,3,2,4,3,2,4,3,4,1,entryway,1.0,1,299,7,0,0
run|finger,1,0,0,1,0,0,1,0,1,finger,1.0,1,301,0,0,0
run|flight,1,0,0,1,0,0,1,0,1,flight,1.0,1,301,0,0,0
run|garage,16,0,3,11,0,3,16,3,1,garage,1.0,1,286,5,0,0
run|glass,1,0,0,1,0,0,1,0,1,glass,1.0,1,301,378,5,0
run|grab,0,1,0,0,1,0,0,0,1,grab,1.0,1,302,2,0,0
run|hall,5,0,2,4,0,2,5,2,1,hall,1.0,1,297,2,0,0
run|hallway,17,0,2,16,0,1,17,2,1,hallway,1.0,1,285,8,0,0
run|homework,1,0,1,1,0,1,1,1,1,homework,1.0,1,301,13,0,0
run|house,1,1,2,1,1,2,1,2,1,house,1.0,1,301,3,0,0
run|item,0,0,1,0,0,1,0,1,1,item,1.0,1,302,15,0,0
run|kitchen,17,0,5,14,0,5,17,5,1,kitchen,1.0,1,285,21,0,0
run|laughing,1,0,0,1,0,0,1,0,1,laughing,1.0,1,301,7,0,0
run|living,0,0,1,0,0,1,0,1,1,living,1.0,1,302,0,0,0
run|machine,1,0,0,1,0,0,1,0,1,machine,1.0,1,301,0,0,0
run|middle,1,0,0,1,0,0,1,0,1,middle,1.0,1,301,0,0,0
run|mirror,1,0,0,1,0,0,1,0,1,mirror,1.0,1,301,55,1,0
run|office,1,0,1,1,0,1,1,1,1,office,1.0,1,301,2,0,0
run|palce,0,0,1,0,0,1,0,1,1,palce,1.0,1,302,0,0,0
run|pantry,2,0,0,2,0,0,2,0,1,pantry,1.0,1,300,4,0,0
run|phone,3,1,0,3,1,0,3,0,1,phone,1.0,1,299,231,3,0
run|pillow,1,0,0,1,0,0,1,0,1,pillow,1.0,1,301,242,3,0
run|place,10,1,12,6,1,6,10,12,1,place,1.0,1,292,1,0,0
run|refrigerator,1,1,0,1,1,0,1,0,1,refrigerator,1.0,1,301,126,4,0
run|room,83,8,27,73,7,23,83,27,1,room,1.0,1,219,62,0,0
run|sandwich,4,0,0,4,0,0,4,0,1,sandwich,1.0,1,298,309,2,0
run|shoe,3,0,2,3,0,1,3,2,1,shoe,1.0,1,299,336,0,0
run|side,0,0,1,0,0,1,0,1,1,side,1.0,1,302,0,0,0
run|sink,1,0,0,1,0,0,1,0,1,sink,1.0,1,301,7,0,0
run|sofa,5,0,2,5,0,1,5,2,1,sofa,1.0,1,297,79,0,0
run|stair,21,0,9,19,0,8,21,9,1,stair,1.0,1,281,19,0,0
run|staircase,0,0,1,0,0,1,0,1,1,staircase,1.0,1,302,1,0,0
run|star,1,0,0,1,0,0,1,0,1,star,1.0,1,301,0,0,0
run|step,2,0,0,2,0,0,2,0,1,step,1.0,1,300,1,0,0
run|stove,1,0,0,1,0,0,1,0,1,stove,1.0,1,301,82,0,0
run|study,2,0,0,2,0,0,2,0,1,study,1.0,1,300,0,0,0
run|table,1,0,2,1,0,2,1,2,1,table,1.0,1,301,130,1,0
run|top,1,0,0,1,0,0,1,0,1,top,1.0,1,301,4,0,0
run|towel,1,0,0,1,0,0,1,0,1,towel,1.0,1,301,154,2,0
run|undressing,1,0,0,1,0,0,1,0,1,undressing,1.0,1,301,4,0,0
run|vacuum,0,0,1,0,0,1,0,1,1,vacuum,1.0,1,302,22,0,0
run|window,4,0,8,4,0,4,4,8,1,window,1.0,1,298,263,0,0
seat|blanket,1,0,0,1,0,0,1,0,1,blanket,1.0,1,2,175,0,0
seat|chair,1,0,1,1,0,1,1,1,1,chair,1.0,1,2,295,0,0
seat|front,1,0,0,1,0,0,1,0,1,front,1.0,1,2,35,0,0
see|door,1,0,0,1,0,0,1,0,1,door,1.0,1,0,1022,1,0
serve|glass,1,0,0,1,0,0,1,0,1,glass,1.0,1,0,378,0,0
set|bag,0,0,1,0,0,1,0,1,1,bag,1.0,1,0,292,2,0
set|computer,0,1,1,0,1,1,0,1,1,computer,1.0,1,0,4,0,0
set|sofa,0,0,1,0,0,1,0,1,1,sofa,1.0,1,0,84,0,0
shin|light,1,0,0,1,0,0,1,0,1,light,1.0,1,0,505,0,0
shove|clothe,1,0,0,1,0,0,1,0,1,clothe,1.0,1,0,268,0,0
sit|bag,2,0,0,2,0,0,2,0,1,bag,1.0,1,629,290,4,0
sit|bathroom,1,0,0,1,0,0,1,0,1,bathroom,1.0,1,630,26,1,0
sit|bed,67,10,37,52,6,23,67,37,1,bed,1.0,1,564,57,2,0
sit|bedroom,1,0,0,1,0,0,1,0,1,bedroom,1.0,1,630,23,0,0
sit|book,2,0,0,2,0,0,2,0,1,book,1.0,1,629,380,17,0
sit|breakfast,1,0,0,1,0,0,1,0,1,breakfast,1.0,1,630,2,0,0
sit|chair,275,35,89,195,24,58,275,89,1,chair,1.0,1,356,21,2,0
sit|chip,1,0,0,1,0,0,1,0,1,chip,1.0,1,630,6,0,0
sit|closet,2,0,0,2,0,0,2,0,1,closet,1.0,1,629,60,0,0
sit|coffee,4,0,0,3,0,0,4,0,1,coffee,1.0,1,627,45,0,0
sit|couch,68,6,36,63,6,29,68,36,1,couch,1.0,1,563,10,1,0
sit|cup,0,1,0,0,1,0,0,0,1,cup,1.0,1,631,206,8,0
sit|desk,7,0,2,7,0,2,7,2,1,desk,1.0,1,624,9,2,0
sit|dresser,1,0,0,1,0,0,1,0,1,dresser,1.0,1,630,0,0,0
sit|drinking,0,1,0,0,1,0,0,0,1,drinking,1.0,1,631,2,0,0
sit|eating,1,0,0,1,0,0,1,0,1,eating,1.0,1,630,3,0,0
sit|edge,0,1,1,0,1,1,0,1,1,edge,1.0,1,631,0,0,0
sit|floor,44,0,18,36,0,15,44,18,1,floor,1.0,1,587,89,1,0
sit|food,1,0,0,1,0,0,1,0,1,food,1.0,1,630,289,13,0
sit|front,3,0,0,3,0,0,3,0,1,front,1.0,1,628,33,0,0
sit|game,1,0,0,1,0,0,1,0,1,game,1.0,1,630,14,0,0
sit|hall,0,0,1,0,0,1,0,1,1,hall,1.0,1,631,7,0,0
sit|kitchen,0,0,1,0,0,1,0,1,1,kitchen,1.0,1,631,38,0,0
sit|laptop,1,0,0,1,0,0,1,0,1,laptop,1.0,1,630,291,7,0
sit|laughing,4,0,0,3,0,0,4,0,1,laughing,1.0,1,627,4,1,0
sit|laundry,1,0,0,1,0,0,1,0,1,laundry,1.0,1,630,0,0,0
sit|medicine,1,0,0,1,0,0,1,0,1,medicine,1.0,1,630,78,3,0
sit|pillow,1,1,2,1,1,2,1,2,1,pillow,1.0,1,630,242,12,0
sit|position,0,0,1,0,0,1,0,1,1,position,1.0,1,631,0,0,0
sit|smiling,1,0,0,1,0,0,1,0,1,smiling,1.0,1,630,3,0,0
sit|soda,1,0,0,1,0,0,1,0,1,soda,1.0,1,630,11,0,0
sit|sofa,63,10,13,54,9,11,63,13,1,sofa,1.0,1,568,21,3,0
sit|stair,9,1,2,8,1,2,9,2,1,stair,1.0,1,622,31,1,0
sit|staircase,1,0,0,1,0,0,1,0,1,staircase,1.0,1,630,0,0,0
sit|stairwell,1,0,0,1,0,0,1,0,1,stairwell,1.0,1,630,0,0,0
sit|table,56,7,24,46,6,19,56,24,1,table,1.0,1,575,75,5,0
sit|toilet,4,0,0,4,0,0,4,0,1,toilet,1.0,1,627,0,0,0
sit|top,0,0,1,0,0,1,0,1,1,top,1.0,1,631,5,0,0
sit|towel,1,0,0,1,0,0,1,0,1,towel,1.0,1,630,154,4,0
sit|tv,0,0,1,0,0,1,0,1,1,tv,1.0,1,631,2,0,0
sit|undressing,1,0,0,1,0,0,1,0,1,undressing,1.0,1,630,4,1,0
sit|walk,1,0,0,1,0,0,1,0,1,walk,1.0,1,630,1,0,0
sit|water,2,0,1,1,0,1,2,1,1,water,1.0,1,629,75,0,0
sleep|awaken,1,0,0,1,0,0,1,0,1,awaken,1.0,1,0,9,0,0
slide|door,1,0,0,1,0,0,1,0,1,door,1.0,1,0,1022,0,0
smile|bag,1,0,0,1,0,0,1,0,1,bag,1.0,1,65,291,0,0
smile|book,2,0,2,2,0,2,2,2,1,book,1.0,1,64,380,2,0
smile|box,1,0,0,1,0,0,1,0,1,box,1.0,1,65,232,0,0
smile|broom,1,0,0,1,0,0,1,0,1,broom,1.0,1,65,93,0,0
smile|camera,4,0,3,4,0,3,4,3,1,camera,1.0,1,62,87,0,0
smile|clothe,1,0,0,1,0,0,1,0,1,clothe,1.0,1,65,268,1,0
smile|cup,0,0,1,0,0,1,0,1,1,cup,1.0,1,66,206,5,0
smile|doorway,1,0,1,1,0,1,1,1,1,doorway,1.0,1,65,201,1,0
smile|dress,0,0,1,0,0,1,0,1,1,dress,1.0,1,66,0,0,0
smile|food,1,0,0,1,0,0,1,0,1,food,1.0,1,65,289,1,0
smile|front,3,0,0,3,0,0,3,0,1,front,1.0,1,63,33,0,0
smile|glass,1,0,0,1,0,0,1,0,1,glass,1.0,1,65,378,1,0
smile|guy,1,0,0,1,0,0,1,0,1,guy,1.0,1,65,0,0,0
smile|hall,1,0,0,1,0,0,1,0,1,hall,1.0,1,65,6,0,0
smile|homework,1,0,0,1,0,0,1,0,1,homework,1.0,1,65,13,0,0
smile|laptop,2,0,2,2,0,2,2,2,1,laptop,1.0,1,64,290,1,0
smile|mirror,14,1,4,14,1,4,14,4,1,mirror,1.0,1,52,42,0,0
smile|pair,1,0,0,1,0,0,1,0,1,pair,1.0,1,65,33,0,0
smile|pantry,1,0,0,1,0,0,1,0,1,pantry,1.0,1,65,5,0,0
smile|person,2,0,0,2,0,0,2,0,1,person,1.0,1,64,12,0,0
smile|phone,3,0,0,3,0,0,3,0,1,phone,1.0,1,63,231,0,0
smile|picture,10,0,1,10,0,1,10,1,1,picture,1.0,1,56,204,1,0
smile|pile,1,0,0,1,0,0,1,0,1,pile,1.0,1,65,9,0,0
smile|put,1,0,0,1,0,0,1,0,1,put,1.0,1,65,1,0,0
smile|reflection,1,0,0,1,0,0,1,0,1,reflection,1.0,1,65,2,0,0
smile|room,1,0,0,1,0,0,1,0,1,room,1.0,1,65,144,0,0
smile|sofa,1,0,0,1,0,0,1,0,1,sofa,1.0,1,65,83,0,0
smile|study,0,0,1,0,0,1,0,1,1,study,1.0,1,66,2,0,0
smile|television,2,0,0,2,0,0,2,0,1,television,1.0,1,64,74,0,0
smile|time,2,0,1,2,0,1,2,1,1,time,1.0,1,64,3,0,0
smile|towel,0,1,0,0,1,0,0,0,1,towel,1.0,1,66,155,0,0
smile|try,1,0,0,1,0,0,1,0,1,try,1.0,1,65,0,0,0
smile|walk,1,0,0,1,0,0,1,0,1,walk,1.0,1,65,1,0,0
smile|window,3,0,0,3,0,0,3,0,1,window,1.0,1,63,264,0,0
sneeze|alot,1,0,0,1,0,0,1,0,1,alot,1.0,1,83,0,0,0
sneeze|bag,3,0,0,3,0,0,3,0,1,bag,1.0,1,81,289,1,0
sneeze|bed,1,0,0,1,0,0,1,0,1,bed,1.0,1,83,123,0,0
sneeze|blanket,3,0,2,3,0,2,3,2,1,blanket,1.0,1,81,173,1,0
sneeze|book,3,0,2,3,0,2,3,2,1,book,1.0,1,81,379,4,0
sneeze|box,1,0,1,1,0,1,1,1,1,box,1.0,1,83,232,3,0
sneeze|camera,2,0,1,2,0,1,2,1,1,camera,1.0,1,82,89,1,0
sneeze|coffee,1,0,0,1,0,0,1,0,1,coffee,1.0,1,83,48,0,0
sneeze|content,1,0,0,1,0,0,1,0,1,content,1.0,1,83,3,0,0
sneeze|cup,0,0,1,0,0,1,0,1,1,cup,1.0,1,84,206,1,0
sneeze|desk,0,1,0,0,1,0,0,0,1,desk,1.0,1,84,16,0,0
sneeze|dish,0,1,0,0,1,0,0,0,1,dish,1.0,1,84,113,0,0
sneeze|door,2,0,1,2,0,1,2,1,1,door,1.0,1,82,1021,10,0
sneeze|doorknob,3,0,0,3,0,0,3,0,1,doorknob,1.0,1,81,25,0,0
sneeze|doorway,2,0,0,2,0,0,2,0,1,doorway,1.0,1,82,200,1,0
sneeze|dust,1,2,0,1,2,0,1,0,1,dust,1.0,1,83,0,0,0
sneeze|entryway,1,0,0,1,0,0,1,0,1,entryway,1.0,1,83,9,0,0
sneeze|food,5,0,0,5,0,0,5,0,1,food,1.0,1,79,285,0,0
sneeze|front,1,0,1,1,0,1,1,1,1,front,1.0,1,83,35,0,0
sneeze|glass,2,1,0,2,1,0,2,0,1,glass,1.0,1,82,377,0,0
sneeze|grocery,1,0,0,1,0,0,1,0,1,grocery,1.0,1,83,46,0,0
sneeze|hand,1,0,0,1,0,0,1,0,1,hand,1.0,1,83,57,2,0
sneeze|homework,1,0,0,1,0,0,1,0,1,homework,1.0,1,83,13,0,0
sneeze|light,2,0,0,2,0,0,2,0,1,light,1.0,1,82,504,0,0
sneeze|medicine,0,0,1,0,0,1,0,1,1,medicine,1.0,1,84,79,0,0
sneeze|mirror,9,0,2,9,0,2,9,2,1,mirror,1.0,1,75,47,0,0
sneeze|pepper,1,0,0,1,0,0,1,0,1,pepper,1.0,1,83,0,0,0
sneeze|person,0,0,1,0,0,1,0,1,1,person,1.0,1,84,14,0,0
sneeze|phone,5,0,3,5,0,3,5,3,1,phone,1.0,1,79,229,0,0
sneeze|picture,3,0,0,3,0,0,3,0,1,picture,1.0,1,81,211,0,0
sneeze|pillow,3,1,0,3,1,0,3,0,1,pillow,1.0,1,81,240,0,0
sneeze|plate,1,0,0,1,0,0,1,0,1,plate,1.0,1,83,18,0,0
sneeze|sandwich,4,0,1,4,0,1,4,1,1,sandwich,1.0,1,80,309,0,0
sneeze|shelf,1,0,1,1,0,1,1,1,1,shelf,1.0,1,83,72,0,0
sneeze|sink,2,0,0,2,0,0,2,0,1,sink,1.0,1,82,6,0,0
sneeze|sofa,1,0,0,1,0,0,1,0,1,sofa,1.0,1,83,83,0,0
sneeze|stove,1,1,0,1,1,0,1,0,1,stove,1.0,1,83,82,0,0
sneeze|succession,0,0,1,0,0,1,0,1,1,succession,1.0,1,84,0,0,0
sneeze|table,1,0,0,1,0,0,1,0,1,table,1.0,1,83,130,0,0
sneeze|time,2,0,0,2,0,0,2,0,1,time,1.0,1,82,3,0,0
sneeze|towel,8,0,2,7,0,1,8,2,1,towel,1.0,1,76,147,0,0
sneeze|turn,1,0,0,1,0,0,1,0,1,turn,1.0,1,83,3,0,0
sneeze|vacuum,1,0,0,1,0,0,1,0,1,vacuum,1.0,1,83,21,0,0
sneeze|wardrobe,1,0,0,1,0,0,1,0,1,wardrobe,1.0,1,83,5,0,0
sneeze|window,1,0,0,1,0,0,1,0,1,window,1.0,1,83,266,0,0
snuggle|awaken,1,0,0,1,0,0,1,0,1,awaken,1.0,1,63,9,0,0
snuggle|bed,1,0,0,1,0,0,1,0,1,bed,1.0,1,63,123,2,0
snuggle|blanket,35,1,8,30,1,7,35,8,1,blanket,1.0,1,29,141,3,0
snuggle|pillow,26,2,10,20,2,9,26,10,1,pillow,1.0,1,38,217,7,0
snuggle|sofa,1,0,1,1,0,1,1,1,1,sofa,1.0,1,63,83,0,0
stand|area,0,0,1,0,0,1,0,1,1,area,1.0,1,87,3,0,0
stand|bag,1,0,0,1,0,0,1,0,1,bag,1.0,1,86,291,1,0
stand|bathroom,4,1,1,4,1,1,4,1,1,bathroom,1.0,1,83,23,0,0
stand|bed,1,0,0,1,0,0,1,0,1,bed,1.0,1,86,123,0,0
stand|bedroom,1,0,1,1,0,1,1,1,1,bedroom,1.0,1,86,23,0,0
stand|book,1,0,0,1,0,0,1,0,1,book,1.0,1,86,381,4,0
stand|box,1,0,0,1,0,0,1,0,1,box,1.0,1,86,232,0,0
stand|chair,12,2,1,8,2,1,12,1,1,chair,1.0,1,75,284,0,0
stand|closet,5,0,1,5,0,1,5,1,1,closet,1.0,1,82,57,0,0
stand|cooking,4,0,1,4,0,1,4,1,1,cooking,1.0,1,83,1,0,0
stand|dish,1,0,0,1,0,0,1,0,1,dish,1.0,1,86,112,0,0
stand|door,6,0,0,6,0,0,6,0,1,door,1.0,1,81,1017,4,0
stand|doorway,8,0,5,7,0,5,8,5,1,doorway,1.0,1,79,194,2,0
stand|dressing,1,0,0,1,0,0,1,0,1,dressing,1.0,1,86,0,0,0
stand|eating,2,0,0,2,0,0,2,0,1,eating,1.0,1,85,2,0,0
stand|entryway,1,0,0,1,0,0,1,0,1,entryway,1.0,1,86,9,0,0
stand|front,3,1,0,3,1,0,3,0,1,front,1.0,1,84,33,0,0
stand|garage,1,0,2,1,0,2,1,2,1,garage,1.0,1,86,20,0,0
stand|hall,0,0,1,0,0,1,0,1,1,hall,1.0,1,87,7,0,0
stand|hallway,2,0,0,2,0,0,2,0,1,hallway,1.0,1,85,23,0,0
stand|kitchen,3,0,3,3,0,3,3,3,1,kitchen,1.0,1,84,35,0,0
stand|laughing,1,0,0,1,0,0,1,0,1,laughing,1.0,1,86,7,0,0
stand|leg,0,1,0,0,1,0,0,0,1,leg,1.0,1,87,0,0,0
stand|mirror,1,0,0,1,0,0,1,0,1,mirror,1.0,1,86,55,1,0
stand|moment,1,0,0,1,0,0,1,0,1,moment,1.0,1,86,1,0,0
stand|pantry,1,0,0,1,0,0,1,0,1,pantry,1.0,1,86,5,0,0
stand|place,1,0,0,1,0,0,1,0,1,place,1.0,1,86,10,0,0
stand|position,0,0,1,0,0,1,0,1,1,position,1.0,1,87,0,0,0
stand|room,5,1,3,5,1,3,5,3,1,room,1.0,1,82,140,0,0
stand|sink,1,0,0,1,0,0,1,0,1,sink,1.0,1,86,7,0,0
stand|smiling,2,0,0,2,0,0,2,0,1,smiling,1.0,1,85,2,0,0
stand|sneezing,1,0,0,1,0,0,1,0,1,sneezing,1.0,1,86,2,0,0
stand|stair,3,0,1,3,0,1,3,1,1,stair,1.0,1,84,37,0,0
stand|step,1,0,0,1,0,0,1,0,1,step,1.0,1,86,2,0,0
stand|stove,5,0,0,5,0,0,5,0,1,stove,1.0,1,82,78,1,0
stand|top,1,0,0,1,0,0,1,0,1,top,1.0,1,86,4,0,0
stand|turn,1,0,0,1,0,0,1,0,1,turn,1.0,1,86,3,0,0
stand|undressing,3,0,3,3,0,3,3,3,1,undressing,1.0,1,84,2,0,0
stand|wall,0,0,1,0,0,1,0,1,1,wall,1.0,1,87,0,0,0
stand|way,0,0,1,0,0,1,0,1,1,way,1.0,1,87,2,0,0
stand|window,1,0,2,1,0,2,1,2,1,window,1.0,1,86,266,0,0
stir|pot,1,0,0,1,0,0,1,0,1,pot,1.0,1,0,4,0,0
stop|bottom,1,0,0,1,0,0,1,0,1,bottom,1.0,1,0,1,0,0
straighten|clothe,1,0,0,1,0,0,1,0,1,clothe,1.0,1,0,268,0,0
stretch|arm,0,0,1,0,0,1,0,1,1,arm,1.0,1,0,0,0,0
sweep|dirt,1,0,0,1,0,0,1,0,1,dirt,1.0,1,0,0,0,0
swing|door,1,0,0,1,0,0,1,0,1,door,1.0,1,0,1022,0,0
switch|light,3,0,1,3,0,1,3,1,1,light,1.0,1,0,503,2,0
take_down|laptop,0,0,1,0,0,1,0,1,1,laptop,1.0,1,3,292,2,0
take_down|medicine,1,0,0,1,0,0,1,0,1,medicine,1.0,1,2,78,0,0
take_down|picture,1,0,0,1,0,0,1,0,1,picture,1.0,1,2,213,0,0
take_down|pillow,0,0,1,0,0,1,0,1,1,pillow,1.0,1,3,243,2,0
take_down|shoe,1,0,0,1,0,0,1,0,1,shoe,1.0,1,2,338,0,0
take_in|book,1,0,0,1,0,0,1,0,1,book,1.0,1,5,381,0,0
take_in|look,1,0,0,1,0,0,1,0,1,look,1.0,1,5,2,0,0
take_in|medicine,1,0,0,1,0,0,1,0,1,medicine,1.0,1,5,78,0,0
take_in|phone,1,0,0,1,0,0,1,0,1,phone,1.0,1,5,233,0,0
take_in|picture,2,1,3,2,1,2,2,3,1,picture,1.0,1,4,212,0,0
take_in|seat,0,1,0,0,1,0,0,0,1,seat,1.0,1,6,1,0,0
take_off|blanket,0,1,0,0,1,0,0,0,1,blanket,1.0,1,160,176,1,0
take_off|bottom,1,0,0,1,0,0,1,0,1,bottom,1.0,1,159,1,0,0
take_off|clothe,5,0,1,5,0,1,5,1,1,clothe,1.0,1,155,264,1,0
take_off|glass,1,0,0,1,0,0,1,0,1,glass,1.0,1,159,378,2,0
take_off|jacket,1,1,0,1,1,0,1,0,1,jacket,1.0,1,159,3,0,0
take_off|pair,0,0,2,0,0,2,0,2,1,pair,1.0,1,160,34,1,0
take_off|phone,1,0,0,1,0,0,1,0,1,phone,1.0,1,159,233,3,0
take_off|shoe,148,7,28,106,7,17,148,28,1,shoe,1.0,1,12,191,6,1
take_off|sweater,1,0,2,1,0,2,1,2,1,sweater,1.0,1,159,2,0,0
take_off|sweatshirt,0,0,1,0,0,1,0,1,1,sweatshirt,1.0,1,160,0,1,0
take_off|towel,2,0,0,2,0,0,2,0,1,towel,1.0,1,158,153,0,0
take_out|bag,7,1,1,7,1,1,7,1,1,bag,1.0,1,187,285,7,0
take_out|baggy,1,0,0,1,0,0,1,0,1,baggy,1.0,1,193,0,0,0
take_out|battery,0,0,1,0,0,1,0,1,1,battery,1.0,1,194,0,0,0
take_out|bite,0,0,1,0,0,1,0,1,1,bite,1.0,1,194,22,0,0
take_out|blanket,11,0,3,8,0,3,11,3,1,blanket,1.0,1,183,165,1,0
take_out|book,10,3,3,9,2,2,10,3,1,book,1.0,1,184,372,11,0
take_out|bottle,3,0,7,3,0,7,3,7,1,bottle,1.0,1,191,50,1,2
take_out|box,7,2,5,7,2,3,7,5,1,box,1.0,1,187,226,9,0
take_out|broom,1,0,2,1,0,2,1,2,1,broom,1.0,1,193,93,4,0
take_out|camera,15,0,3,13,0,3,15,3,1,camera,1.0,1,179,76,1,0
take_out|card,1,0,0,1,0,0,1,0,1,card,1.0,1,193,1,0,0
take_out|clothe,20,0,2,19,0,2,20,2,1,clothe,1.0,1,174,249,3,0
take_out|clothing,0,1,0,0,1,0,0,0,1,clothing,1.0,1,194,5,0,0
take_out|computer,2,0,1,2,0,1,2,1,1,computer,1.0,1,192,2,0,0
take_out|container,0,0,1,0,0,1,0,1,1,container,1.0,1,194,1,0,0
take_out|cup,1,0,0,1,0,0,1,0,1,cup,1.0,1,193,205,2,0
take_out|dish,0,0,1,0,0,1,0,1,1,dish,1.0,1,194,113,2,0
take_out|drink,2,3,3,2,3,3,2,3,1,drink,1.0,1,192,80,2,0
take_out|food,24,6,8,24,6,7,24,8,1,food,1.0,1,170,266,4,0
take_out|glass,5,1,2,5,1,2,5,2,1,glass,1.0,1,189,374,5,0
take_out|grocery,1,0,0,1,0,0,1,0,1,grocery,1.0,1,193,46,0,0
take_out|homework,3,0,1,3,0,1,3,1,1,homework,1.0,1,191,11,0,0
take_out|item,1,1,0,1,1,0,1,0,1,item,1.0,1,193,14,0,0
take_out|jacket,0,0,1,0,0,1,0,1,1,jacket,1.0,1,194,4,1,0
take_out|laptop,7,0,3,4,0,3,7,3,1,laptop,1.0,1,187,285,3,0
take_out|medicine,6,1,2,6,1,2,6,2,1,medicine,1.0,1,188,73,2,0
take_out|mug,1,0,0,1,0,0,1,0,1,mug,1.0,1,193,1,0,0
take_out|napkin,1,0,0,1,0,0,1,0,1,napkin,1.0,1,193,0,0,0
take_out|notebook,0,0,1,0,0,1,0,1,1,notebook,1.0,1,194,4,1,0
take_out|packet,1,0,0,1,0,0,1,0,1,packet,1.0,1,193,0,0,0
take_out|pan,1,0,0,1,0,0,1,0,1,pan,1.0,1,193,3,0,0
take_out|phone,17,4,17,15,3,12,17,17,1,phone,1.0,1,177,217,5,0
take_out|picture,7,0,1,6,0,1,7,1,1,picture,1.0,1,187,207,9,1
take_out|piece,2,0,0,2,0,0,2,0,1,piece,1.0,1,192,5,0,0
take_out|pill,0,0,1,0,0,1,0,1,1,pill,1.0,1,194,0,0,0
take_out|pillow,8,0,5,7,0,3,8,5,1,pillow,1.0,1,186,235,2,0
take_out|plate,1,0,0,1,0,0,1,0,1,plate,1.0,1,193,18,0,0
take_out|sandwich,8,1,0,6,1,0,8,0,1,sandwich,1.0,1,186,305,4,0
take_out|sheet,2,0,0,1,0,0,2,0,1,sheet,1.0,1,192,1,0,0
take_out|shoe,1,1,0,1,1,0,1,0,1,shoe,1.0,1,193,338,5,0
take_out|thing,0,0,1,0,0,1,0,1,1,thing,1.0,1,194,9,0,0
take_out|towel,8,2,3,8,1,3,8,3,1,towel,1.0,1,186,147,9,0
take_out|toy,0,0,1,0,0,1,0,1,1,toy,1.0,1,194,0,0,0
take_out|vacuum,8,3,0,6,2,0,8,0,1,vacuum,1.0,1,186,14,0,0
take|bag,16,5,8,16,3,7,16,8,1,bag,1.0,1,606,276,8,0
take|bite,16,2,9,16,2,9,16,9,1,bite,1.0,1,606,6,2,0
take|blanket,17,0,11,15,0,10,17,11,1,blanket,1.0,1,605,159,10,0
take|book,42,3,13,38,3,11,42,13,1,book,1.0,1,580,340,20,1
take|bottle,14,1,2,14,1,2,14,2,1,bottle,1.0,1,608,39,4,0
take|box,24,2,9,20,2,9,24,9,1,box,1.0,1,598,209,15,0
take|break,1,0,0,1,0,0,1,0,1,break,1.0,1,621,0,0,0
take|broom,8,0,6,7,0,6,8,6,1,broom,1.0,1,614,86,4,0
take|bulb,1,0,0,1,0,0,1,0,1,bulb,1.0,1,621,0,0,0
take|cabinet,0,0,1,0,0,1,0,1,1,cabinet,1.0,1,622,232,19,1
take|call,1,0,0,1,0,0,1,0,1,call,1.0,1,621,0,0,0
take|camera,15,1,1,14,1,1,15,1,1,camera,1.0,1,607,76,6,0
take|can,0,1,0,0,1,0,0,0,1,can,1.0,1,622,0,0,0
take|cellphone,0,0,1,0,0,1,0,1,1,cellphone,1.0,1,622,1,0,0
take|clothe,18,1,2,17,1,2,18,2,1,clothe,1.0,1,604,251,3,0
take|couple,1,0,0,1,0,0,1,0,1,couple,1.0,1,621,1,0,0
take|cover,1,0,0,1,0,0,1,0,1,cover,1.0,1,621,0,0,0
take|cup,9,2,7,9,2,6,9,7,1,cup,1.0,1,613,197,8,0
take|cupboard,0,0,1,0,0,1,0,1,1,cupboard,1.0,1,622,0,0,0
take|dish,9,2,2,9,1,2,9,2,1,dish,1.0,1,613,104,2,0
take|dosage,1,0,0,1,0,0,1,0,1,dosage,1.0,1,621,0,0,0
take|drink,56,9,37,54,8,32,56,37,1,drink,1.0,1,566,26,1,0
take|food,17,4,9,17,4,9,17,9,1,food,1.0,1,605,273,17,0
take|frame,0,0,1,0,0,1,0,1,1,frame,1.0,1,622,1,0,0
take|glass,32,2,12,30,2,12,32,12,1,glass,1.0,1,590,347,15,0
take|head,0,0,1,0,0,1,0,1,1,head,1.0,1,622,1,0,0
take|item,1,0,0,1,0,0,1,0,1,item,1.0,1,621,14,0,0
take|laptop,12,5,8,11,5,6,12,8,1,laptop,1.0,1,610,280,7,0
take|lid,0,1,0,0,1,0,0,0,1,lid,1.0,1,622,2,0,0
take|light,1,0,0,1,0,0,1,0,1,light,1.0,1,621,505,15,0
take|lightbulb,0,0,1,0,0,1,0,1,1,lightbulb,1.0,1,622,1,1,0
take|load,1,0,0,1,0,0,1,0,1,load,1.0,1,621,1,0,0
take|lollipop,0,0,1,0,0,1,0,1,1,lollipop,1.0,1,622,0,0,0
take|look,2,0,1,2,0,1,2,1,1,look,1.0,1,620,1,0,0
take|medicine,57,5,11,49,4,10,57,11,1,medicine,1.0,1,565,22,1,0
take|notebook,0,0,1,0,0,1,0,1,1,notebook,1.0,1,622,4,0,0
take|page,1,0,0,1,0,0,1,0,1,page,1.0,1,621,0,0,0
take|pair,4,0,2,4,0,2,4,2,1,pair,1.0,1,618,30,1,0
take|paper,1,0,1,1,0,1,1,1,1,paper,1.0,1,621,7,0,0
take|phone,23,1,9,22,1,9,23,9,1,phone,1.0,1,599,211,15,0
take|photo,1,0,1,1,0,1,1,1,1,photo,1.0,1,621,0,0,0
take|photograph,1,0,0,1,0,0,1,0,1,photograph,1.0,1,621,0,0,0
take|picture,118,8,30,94,5,23,118,30,1,picture,1.0,1,504,96,6,0
take|piece,1,0,0,1,0,0,1,0,1,piece,1.0,1,621,6,0,0
take|pile,3,0,0,3,0,0,3,0,1,pile,1.0,1,619,7,0,0
take|pillow,25,5,11,24,4,9,25,11,1,pillow,1.0,1,597,218,7,0
take|plate,0,0,1,0,0,1,0,1,1,plate,1.0,1,622,19,0,0
take|refrigerator,1,0,0,1,0,0,1,0,1,refrigerator,1.0,1,621,126,2,0
take|sandwich,12,2,4,11,2,4,12,4,1,sandwich,1.0,1,610,301,10,0
take|seat,1,0,0,1,0,0,1,0,1,seat,1.0,1,621,0,0,0
take|selfie,2,0,0,2,0,0,2,0,1,selfie,1.0,1,620,0,0,0
take|shoe,4,0,1,4,0,1,4,1,1,shoe,1.0,1,618,335,8,0
take|shot,1,0,0,1,0,0,1,0,1,shot,1.0,1,621,0,0,0
take|sip,9,0,2,8,0,2,9,2,1,sip,1.0,1,613,0,0,0
take|stack,3,0,0,3,0,0,3,0,1,stack,1.0,1,619,2,0,0
take|stove,1,0,0,1,0,0,1,0,1,stove,1.0,1,621,82,1,0
take|thing,0,0,1,0,0,1,0,1,1,thing,1.0,1,622,9,2,0
take|tissue,2,0,1,2,0,1,2,1,1,tissue,1.0,1,620,0,0,0
take|towel,30,1,14,27,1,14,30,14,1,towel,1.0,1,592,125,12,0
take|tray,0,0,1,0,0,1,0,1,1,tray,1.0,1,622,1,0,0
take|vacuum,4,0,4,4,0,4,4,4,1,vacuum,1.0,1,618,18,0,0
take|video,1,0,0,1,0,0,1,0,1,video,1.0,1,621,9,1,0
talk|person,0,0,1,0,0,1,0,1,1,person,1.0,1,44,14,0,0
talk|phone,43,7,13,35,6,9,43,13,1,phone,1.0,1,1,191,1,0
talk|put,1,0,0,1,0,0,1,0,1,put,1.0,1,43,1,0,0
talk|towel,0,0,1,0,0,1,0,1,1,towel,1.0,1,44,155,2,0
tap|box,0,0,1,0,0,1,0,1,1,box,1.0,1,1,233,0,0
tap|door,1,0,0,1,0,0,1,0,1,door,1.0,1,0,1022,0,0
throw|bag,37,1,8,26,1,7,37,8,1,bag,1.0,1,427,255,4,0
throw|bed,1,0,0,1,0,0,1,0,1,bed,1.0,1,463,123,8,0
throw|blanket,40,2,24,32,1,15,40,24,1,blanket,1.0,1,424,136,1,0
throw|book,33,2,14,22,2,10,33,14,1,book,1.0,1,431,349,8,0
throw|box,19,2,3,13,2,2,19,3,1,box,1.0,1,445,214,6,0
throw|bread,0,0,1,0,0,1,0,1,1,bread,1.0,1,464,1,0,0
throw|broom,12,0,8,10,0,5,12,8,1,broom,1.0,1,452,82,0,0
throw|bunch,1,0,0,1,0,0,1,0,1,bunch,1.0,1,463,1,0,0
throw|candy,1,0,0,1,0,0,1,0,1,candy,1.0,1,463,1,0,0
throw|case,0,0,1,0,0,1,0,1,1,case,1.0,1,464,0,0,0
throw|clothe,83,9,10,70,9,10,83,10,1,clothe,1.0,1,381,186,3,0
throw|clothesline,1,0,0,1,0,0,1,0,1,clothesline,1.0,1,463,0,0,0
throw|clothing,1,0,0,1,0,0,1,0,1,clothing,1.0,1,463,4,0,0
throw|dish,1,0,0,1,0,0,1,0,1,dish,1.0,1,463,112,0,0
throw|floor,57,7,8,53,5,7,57,8,1,floor,1.0,1,407,76,3,0
throw|food,16,0,1,14,0,1,16,1,1,food,1.0,1,448,274,3,0
throw|glass,0,1,0,0,1,0,0,0,1,glass,1.0,1,464,379,2,0
throw|homework,2,0,0,2,0,0,2,0,1,homework,1.0,1,462,12,0,0
throw|ishoe,1,0,0,1,0,0,1,0,1,ishoe,1.0,1,463,0,0,0
throw|item,1,1,1,1,1,1,1,1,1,item,1.0,1,463,14,0,0
throw|lot,1,0,0,1,0,0,1,0,1,lot,1.0,1,463,0,0,0
throw|medicine,1,0,0,1,0,0,1,0,1,medicine,1.0,1,463,78,0,0
throw|object,0,1,0,0,1,0,0,0,1,object,1.0,1,464,1,0,0
throw|pair,4,1,4,4,1,4,4,4,1,pair,1.0,1,460,30,0,0
throw|phone,1,0,0,1,0,0,1,0,1,phone,1.0,1,463,233,3,0
throw|picture,0,0,1,0,0,1,0,1,1,picture,1.0,1,464,214,4,0
throw|pile,3,0,0,3,0,0,3,0,1,pile,1.0,1,461,7,0,0
throw|pillow,95,11,14,64,6,9,95,14,1,pillow,1.0,1,369,148,4,0
throw|rest,1,0,1,1,0,1,1,1,1,rest,1.0,1,463,0,0,0
throw|sandwich,2,0,0,2,0,0,2,0,1,sandwich,1.0,1,462,311,0,0
throw|shirt,1,0,0,1,0,0,1,0,1,shirt,1.0,1,463,4,0,0
throw|shoe,32,2,14,20,2,10,32,14,1,shoe,1.0,1,432,307,9,0
throw|stack,1,0,0,1,0,0,1,0,1,stack,1.0,1,463,4,0,0
throw|sweater,0,0,1,0,0,1,0,1,1,sweater,1.0,1,464,3,0,0
throw|thing,1,0,1,1,0,1,1,1,1,thing,1.0,1,463,8,1,0
throw|towel,12,0,5,11,0,5,12,5,1,towel,1.0,1,452,143,5,0
throw|trash,1,0,0,1,0,0,1,0,1,trash,1.0,1,463,0,0,0
throw|wrapper,1,0,0,1,0,0,1,0,1,wrapper,1.0,1,463,0,0,0
tidy|area,3,0,0,3,0,0,3,0,1,area,1.0,1,54,0,0,0
tidy|bedroom,1,0,0,1,0,0,1,0,1,bedroom,1.0,1,56,23,0,0
tidy|blanket,2,0,2,2,0,2,2,2,1,blanket,1.0,1,55,174,0,0
tidy|book,0,0,2,0,0,2,0,2,1,book,1.0,1,57,382,4,0
tidy|cabinet,3,0,3,3,0,3,3,3,1,cabinet,1.0,1,54,229,2,1
tidy|closet,1,0,1,1,0,1,1,1,1,closet,1.0,1,56,61,0,1
tidy|clothe,8,3,3,8,3,3,8,3,1,clothe,1.0,1,49,261,0,0
tidy|counter,1,0,0,1,0,0,1,0,1,counter,1.0,1,56,0,0,0
tidy|dish,1,0,0,1,0,0,1,0,1,dish,1.0,1,56,112,0,0
tidy|entryway,1,0,0,1,0,0,1,0,1,entryway,1.0,1,56,9,0,0
tidy|floor,5,0,0,5,0,0,5,0,1,floor,1.0,1,52,128,2,0
tidy|hall,1,0,0,1,0,0,1,0,1,hall,1.0,1,56,6,0,0
tidy|hallway,1,0,0,1,0,0,1,0,1,hallway,1.0,1,56,24,0,0
tidy|medicine,1,0,0,1,0,0,1,0,1,medicine,1.0,1,56,78,0,0
tidy|pile,1,0,0,1,0,0,1,0,1,pile,1.0,1,56,9,0,0
tidy|shelf,6,2,3,6,2,3,6,3,1,shelf,1.0,1,51,67,2,0
tidy|sink,1,0,0,1,0,0,1,0,1,sink,1.0,1,56,7,0,0
tidy|table,18,0,5,14,0,5,18,5,1,table,1.0,1,39,113,3,0
tidy|thing,0,1,0,0,1,0,0,0,1,thing,1.0,1,57,9,0,0
tidy|towel,1,0,0,1,0,0,1,0,1,towel,1.0,1,56,154,1,0
tidy|wardrobe,1,0,0,1,0,0,1,0,1,wardrobe,1.0,1,56,5,0,0
tilt|head,0,0,1,0,0,1,0,1,1,head,1.0,1,0,1,0,0
toss|clothe,1,0,0,1,0,0,1,0,1,clothe,1.0,1,0,268,0,0
touch|light,1,0,0,1,0,0,1,0,1,light,1.0,1,0,505,0,0
turn|broom,0,1,0,0,1,0,0,0,1,broom,1.0,1,453,94,1,0
turn|doorknob,3,0,0,3,0,0,3,0,1,doorknob,1.0,1,450,25,1,0
turn|grab,2,0,0,2,0,0,2,0,1,grab,1.0,1,451,0,0,0
turn|heat,1,0,0,1,0,0,1,0,1,heat,1.0,1,452,0,0,0
turn|light,445,48,160,273,29,83,445,160,1,light,1.0,1,8,61,11,0
turn|lightswitch,0,0,1,0,0,1,0,1,1,lightswitch,1.0,1,453,0,0,0
turn|o,1,0,0,1,0,0,1,0,1,o,1.0,1,452,0,0,0
turn|switch,1,2,1,1,2,1,1,1,1,switch,1.0,1,452,7,2,0
undress|basement,1,0,0,1,0,0,1,0,1,basement,1.0,1,54,5,0,0
undress|bathroom,3,0,0,3,0,0,3,0,1,bathroom,1.0,1,52,24,0,0
undress|bedroom,2,0,1,2,0,1,2,1,1,bedroom,1.0,1,53,22,0,0
undress|blanket,1,0,1,1,0,1,1,1,1,blanket,1.0,1,54,175,1,0
undress|cabinet,1,0,0,1,0,0,1,0,1,cabinet,1.0,1,54,231,0,0
undress|chair,2,0,0,2,0,0,2,0,1,chair,1.0,1,53,294,2,0
undress|closet,1,0,1,1,0,1,1,1,1,closet,1.0,1,54,61,0,0
undress|clothe,6,0,0,6,0,0,6,0,1,clothe,1.0,1,49,263,2,0
undress|door,1,0,0,1,0,0,1,0,1,door,1.0,1,54,1022,5,0
undress|doorway,3,0,1,3,0,1,3,1,1,doorway,1.0,1,52,199,0,0
undress|entryway,1,0,0,1,0,0,1,0,1,entryway,1.0,1,54,9,0,0
undress|front,14,6,3,12,5,3,14,3,1,front,1.0,1,41,22,0,0
undress|garage,1,0,1,1,0,1,1,1,1,garage,1.0,1,54,20,0,0
undress|hallway,1,0,0,1,0,0,1,0,1,hallway,1.0,1,54,24,0,0
undress|jacket,1,1,1,1,1,1,1,1,1,jacket,1.0,1,54,3,0,0
undress|kitchen,1,0,0,1,0,0,1,0,1,kitchen,1.0,1,54,37,0,0
undress|light,1,0,0,1,0,0,1,0,1,light,1.0,1,54,505,0,0
undress|mirror,1,0,0,1,0,0,1,0,1,mirror,1.0,1,54,55,0,0
undress|office,2,0,0,2,0,0,2,0,1,office,1.0,1,53,1,0,0
undress|room,4,0,0,4,0,0,4,0,1,room,1.0,1,51,141,0,0
undress|shelf,1,0,1,1,0,1,1,1,1,shelf,1.0,1,54,72,0,0
undress|shirt,1,0,0,1,0,0,1,0,1,shirt,1.0,1,54,4,0,0
undress|sweater,1,0,0,1,0,0,1,0,1,sweater,1.0,1,54,2,0,0
undress|towel,1,0,0,1,0,0,1,0,1,towel,1.0,1,54,154,0,0
undress|wardrobe,1,0,0,1,0,0,1,0,1,wardrobe,1.0,1,54,5,0,0
undress|window,2,0,0,2,0,0,2,0,1,window,1.0,1,53,265,0,0
use|broom,1,0,1,1,0,1,1,1,1,broom,1.0,1,5,93,0,0
use|camera,1,2,1,1,1,1,1,1,1,camera,1.0,1,5,90,0,0
use|computer,0,0,1,0,0,1,0,1,1,computer,1.0,1,6,4,0,0
use|doorknob,0,0,1,0,0,1,0,1,1,doorknob,1.0,1,6,28,0,0
use|foot,1,0,0,1,0,0,1,0,1,foot,1.0,1,5,6,0,0
use|spoon,0,0,1,0,0,1,0,1,1,spoon,1.0,1,6,0,0,0
use|tool,1,0,0,1,0,0,1,0,1,tool,1.0,1,5,2,0,0
use|towel,2,0,0,2,0,0,2,0,1,towel,1.0,1,4,153,0,0
vacuum|floor,0,0,1,0,0,1,0,1,1,floor,1.0,1,0,133,0,0
wait|dinner,1,0,0,1,0,0,1,0,1,dinner,1.0,1,0,1,0,0
wake|person,1,0,0,1,0,0,1,0,1,person,1.0,1,0,13,0,0
walk|basement,1,0,0,1,0,0,1,0,1,basement,1.0,1,252,5,0,0
walk|bathroom,2,1,2,2,1,2,2,2,1,bathroom,1.0,1,251,25,1,0
walk|bedroom,1,0,0,1,0,0,1,0,1,bedroom,1.0,1,252,23,0,0
walk|cabinet,0,0,1,0,0,1,0,1,1,cabinet,1.0,1,253,232,4,1
walk|car,1,0,0,1,0,0,1,0,1,car,1.0,1,252,1,0,0
walk|chair,1,0,1,1,0,1,1,1,1,chair,1.0,1,252,295,5,0
walk|closet,1,0,4,1,0,4,1,4,1,closet,1.0,1,252,61,0,2
walk|clothe,2,0,1,2,0,1,2,1,1,clothe,1.0,1,251,267,1,0
walk|couch,1,0,0,1,0,0,1,0,1,couch,1.0,1,252,77,1,0
walk|desk,1,0,0,1,0,0,1,0,1,desk,1.0,1,252,15,0,0
walk|dish,1,0,0,1,0,0,1,0,1,dish,1.0,1,252,112,0,0
walk|door,6,2,0,6,2,0,6,0,1,door,1.0,1,247,1017,31,0
walk|doorway,161,23,35,148,19,32,161,35,1,doorway,1.0,1,92,41,1,0
walk|doorwaywhile,1,0,0,1,0,0,1,0,1,doorwaywhile,1.0,1,252,0,0,0
walk|drinking,1,0,1,1,0,1,1,1,1,drinking,1.0,1,252,1,0,0
walk|entryway,2,0,2,2,0,2,2,2,1,entryway,1.0,1,251,8,0,0
walk|garage,2,0,0,2,0,0,2,0,1,garage,1.0,1,251,19,0,0
walk|hall,0,0,1,0,0,1,0,1,1,hall,1.0,1,253,7,0,0
walk|hallway,4,0,0,4,0,0,4,0,1,hallway,1.0,1,249,21,0,0
walk|home,1,0,0,1,0,0,1,0,1,home,1.0,1,252,0,0,0
walk|house,1,0,2,1,0,2,1,2,1,house,1.0,1,252,3,0,0
walk|kitchen,6,0,4,6,0,4,6,4,1,kitchen,1.0,1,247,32,0,0
walk|laughing,1,0,1,1,0,1,1,1,1,laughing,1.0,1,252,7,0,0
walk|light,6,1,1,6,1,1,6,1,1,light,1.0,1,247,500,11,0
walk|living,0,0,1,0,0,1,0,1,1,living,1.0,1,253,0,0,0
walk|mirror,0,0,1,0,0,1,0,1,1,mirror,1.0,1,253,56,0,0
walk|pantry,0,1,1,0,1,1,0,1,1,pantry,1.0,1,253,6,0,0
walk|part,1,0,0,1,0,0,1,0,1,part,1.0,1,252,0,0,0
walk|refrigerator,2,0,1,2,0,1,2,1,1,refrigerator,1.0,1,251,125,1,0
walk|room,28,1,9,26,1,9,28,9,1,room,1.0,1,225,117,0,0
walk|shelf,2,0,0,2,0,0,2,0,1,shelf,1.0,1,251,71,3,0
walk|shower,0,0,1,0,0,1,0,1,1,shower,1.0,1,253,0,0,0
walk|smiling,1,1,0,1,1,0,1,0,1,smiling,1.0,1,252,3,0,0
walk|sneezing,2,0,0,2,0,0,2,0,1,sneezing,1.0,1,251,1,0,0
walk|sofa,1,0,0,1,0,0,1,0,1,sofa,1.0,1,252,83,2,0
walk|stair,3,1,2,3,1,2,3,2,1,stair,1.0,1,250,37,1,0
walk|stove,1,0,0,1,0,0,1,0,1,stove,1.0,1,252,82,0,0
walk|switch,2,0,0,2,0,0,2,0,1,switch,1.0,1,251,6,0,0
walk|table,1,1,0,1,1,0,1,0,1,table,1.0,1,252,130,4,0
walk|take,0,0,1,0,0,1,0,1,1,take,1.0,1,253,0,0,0
walk|towel,0,0,1,0,0,1,0,1,1,towel,1.0,1,253,155,4,0
walk|view,1,0,0,1,0,0,1,0,1,view,1.0,1,252,0,0,0
walk|way,2,0,0,2,0,0,2,0,1,way,1.0,1,251,0,0,0
walk|window,2,0,2,2,0,2,2,2,1,window,1.0,1,251,265,5,0
washer|hand,0,0,1,0,0,1,0,1,1,hand,1.0,1,0,58,1,0
wash|clothe,5,1,4,4,1,3,5,4,1,clothe,1.0,1,125,264,3,0
wash|cup,1,0,1,1,0,1,1,1,1,cup,1.0,1,129,205,0,0
wash|dish,37,2,3,29,2,3,37,3,1,dish,1.0,1,93,76,0,0
wash|glass,8,1,6,6,1,6,8,6,1,glass,1.0,1,122,371,1,0
wash|hand,56,7,20,35,4,11,56,20,1,hand,1.0,1,74,2,1,0
wash|load,1,0,0,1,0,0,1,0,1,load,1.0,1,129,1,0,0
wash|mirror,9,6,1,9,4,1,9,1,1,mirror,1.0,1,121,47,0,0
wash|table,3,1,1,3,1,1,3,1,1,table,1.0,1,127,128,3,0
wash|window,10,3,3,10,2,1,10,3,1,window,1.0,1,120,257,6,0
watch|book,1,0,0,1,0,0,1,0,1,book,1.0,1,117,381,2,0
watch|car,1,0,0,1,0,0,1,0,1,car,1.0,1,117,1,0,0
watch|laptop,9,0,2,8,0,2,9,2,1,laptop,1.0,1,109,283,3,0
watch|mirror,7,1,2,7,1,2,7,2,1,mirror,1.0,1,111,49,0,0
watch|moment,1,0,0,1,0,0,1,0,1,moment,1.0,1,117,1,0,0
watch|movie,2,0,0,1,0,0,2,0,1,movie,1.0,1,116,0,0,0
watch|news,1,0,0,1,0,0,1,0,1,news,1.0,1,117,0,0,0
watch|picture,3,0,0,3,0,0,3,0,1,picture,1.0,1,115,211,3,0
watch|program,2,0,0,2,0,0,2,0,1,program,1.0,1,116,0,0,0
watch|reflection,2,0,0,2,0,0,2,0,1,reflection,1.0,1,116,1,0,0
watch|screen,3,0,1,3,0,1,3,1,1,screen,1.0,1,115,1,0,0
watch|show,1,1,0,1,1,0,1,0,1,show,1.0,1,117,2,0,0
watch|television,66,2,25,53,2,20,66,25,1,television,1.0,1,52,10,0,0
watch|themself,1,0,1,1,0,1,1,1,1,themself,1.0,1,117,0,0,0
watch|tv,1,0,1,1,0,1,1,1,1,tv,1.0,1,117,1,1,0
watch|video,9,0,1,7,0,1,9,1,1,video,1.0,1,109,1,0,0
watch|window,8,2,2,8,2,2,8,2,1,window,1.0,1,110,259,2,0
wear|glass,1,0,0,1,0,0,1,0,1,glass,1.0,1,3,378,0,0
wear|hoodie,1,0,0,1,0,0,1,0,1,hoodie,1.0,1,3,0,0,0
wear|shoe,1,0,0,1,0,0,1,0,1,shoe,1.0,1,3,338,0,0
wear|sweater,0,0,1,0,0,1,0,1,1,sweater,1.0,1,4,3,0,0
wear|type,0,0,1,0,0,1,0,1,1,type,1.0,1,4,0,0,0
wear|water,1,0,0,1,0,0,1,0,1,water,1.0,1,3,76,0,0
work|computer,1,0,1,1,0,1,1,1,1,computer,1.0,1,40,3,0,0
work|desk,0,0,1,0,0,1,0,1,1,desk,1.0,1,41,16,0,0
work|laptop,35,5,8,32,3,8,35,8,1,laptop,1.0,1,6,257,1,0
work|light,2,0,0,2,0,0,2,0,1,light,1.0,1,39,504,0,0
work|opening,1,0,0,1,0,0,1,0,1,opening,1.0,1,40,0,0,0
work|paperwork,1,0,0,1,0,0,1,0,1,paperwork,1.0,1,40,0,0,0
work|table,1,0,0,1,0,0,1,0,1,table,1.0,1,40,130,0,0
wrap|blanket,1,1,1,1,1,1,1,1,1,blanket,1.0,1,2,175,0,0
wrap|eating,1,0,0,1,0,0,1,0,1,eating,1.0,1,2,3,0,0
wrap|run,1,1,0,1,1,0,1,0,1,run,1.0,1,2,1,0,0
