split_id,semantic,qid,video_id,query,parsed_action,parsed_object,object_role,relation,decision,reviewer,notes
A1,put,test2715,K64GM,the person put the camera around their neck.,put,camera,theme,,,,
A1,put,test3593,Q948H,person puts the book on the table again.,put,book,theme,,,,
A1,put,test1927,DMO76,person they put their phone onto the sofa.,put,phone,theme,,,,
A1,put,test2639,CG83G,a person puts a blanket on a chair.,put,blanket,theme,,,,
A1,put,test929,735W9,person putting a blanket on the table.,put,blanket,theme,,,,
A1,put,test610,YE6TZ,a person is putting a book on a chair.,put,book,theme,,,,
A1,put,test1992,QMHK8,person puts a plastic bag on the handle.,put,bag,theme,,,,
A1,put,test2196,Z6B6S,person putting the food back on the shelf.,put,food,theme,,,,
A1,put,test2781,O1LMX,the person puts the book away.,put,book,theme,,,,
A1,put,test3025,FQGW4,person put the cup.,put,cup,theme,,,,
A1,put,test1660,DCRI5,person puts something on the top shelf.,put,shelf,location,on,,,
A1,put,test328,95GB4,the person puts the phone away.,put,phone,theme,,,,
A1,take,test3354,TYWHY,person takes their laptop from inside.,take,laptop,theme,,,,
A1,take,test849,79VVK,a person takes a blanket.,take,blanket,theme,,,,
A1,take,test3675,120YL,person takes the plate to the table to eat.,take,plate,theme,,,,
A1,take,test3396,QZZPS,person take some medicine.,take,medicine,theme,,,,
A1,take,test3447,AWN1C,person they take a drink from a coffee cup.,take,drink,theme,,,,
A1,take,test898,AFCDN,person takes a picture of something.,take,picture,theme,,,,
A1,take,test601,URAIM,the person takes a picture from the table.,take,picture,theme,,,,
A1,take,test2607,TK1VC,person take a book from it.,take,book,theme,,,,
A1,take,test1811,QACLT,person takes a cellphone from their pocket.,take,cellphone,theme,,,,
A1,take,test3210,WKVWF,the person takes a drink from a cup of coffee.,take,drink,theme,,,,
A1,take,test82,2P7A9,person take a picture from the top of a cabinet.,take,picture,theme,,,,
A1,take,test3124,JKGTN,a person takes a pillow from the shelf.,take,pillow,theme,,,,
A2_alt,drink,test653,7XCAP,person they are drinking a glass of water.,drink,glass,theme,,,,
A2_alt,drink,test1506,U9NI5,person drinking from a cup.,drink,cup,source,from,,,
A2_alt,drink,test701,3WMV4,person drinking a glass of water.,drink,glass,theme,,,,
A2_alt,drink,test1625,02DPI,person drinking water from a glass.,drink,water,theme,,,,
A2_alt,drink,test1829,O3HV7,person drinking from a coffee cup.,drink,cup,source,from,,,
A2_alt,drink,test2612,LCLLN,person drinking some water from a glass.,drink,water,theme,,,,
A2_alt,drink,test1934,DHDCF,person drinking water from a glass.,drink,water,theme,,,,
A2_alt,drink,test542,7NXWU,person drinking from a cup.,drink,cup,source,from,,,
A2_alt,drink,test1187,OETY6,person drinking from a cup.,drink,cup,source,from,,,
A2_alt,drink,test100,AOK1L,person drinking from a cup.,drink,cup,source,from,,,
A2_alt,drink,test3388,LXLW4,person drinks from a cup.,drink,cup,source,from,,,
A2_alt,drink,test2387,31YNM,person drinks from a cup.,drink,cup,source,from,,,
A2_alt,pour,test3345,OQ54Y,person they pour the milk into a glass.,pour,milk,theme,,,,
A2_alt,pour,test1109,XJA7Z,the person was pouring a bottle of beer.,pour,bottle,theme,,,,
A2_alt,pour,test1334,D0AGO,person pours coke into glass.,pour,coke,theme,,,,
A2_alt,pour,test411,MNNJS,person pour a cup of coffee.,pour,cup,theme,,,,
A2_alt,pour,test409,MNNJS,person pouring coffee into a cup in the dining room.,pour,coffee,theme,,,,
A2_alt,pour,test1663,MVPPS,a person pours a drink into a cup.,pour,drink,theme,,,,
A2_alt,pour,test3217,GQ341,person pours a cup of coffee.,pour,cup,theme,,,,
A2_alt,pour,test1065,GZF5F,person pours another glass out of a pitcher.,pour,glass,theme,,,,
A2_alt,pour,test1337,D0AGO,person pours some into a glass.,pour,glass,location,into,,,
A2_alt,pour,test3026,FQGW4,person they begin carefully pouring the beverage into the cup.,pour,beverage,theme,,,,
A2_alt,pour,test1729,OJYDD,person pouring a glass of wine in a living room.,pour,glass,theme,,,,
A2_alt,pour,test1728,OJYDD,person pouring a glass of water from on the table.,pour,glass,theme,,,,
A3,run,test2228,RJZ3I,person runs away down the hall.,run,hall,location,down,,,
A3,run,test3119,ZSAQG,another person is running with shoes.,run,shoe,location,with,,,
A3,run,test1861,3B97C,a person is running into their kitchen holding a laptop.,run,kitchen,location,into,,,
A3,run,test3476,DGHSW,a person runs down the stairs.,run,stair,location,down,,,
A3,run,test1631,9ZE0J,a person runs up stairs.,run,stair,location,,,,
A3,run,test3662,08LOY,another person runs up the stairs.,run,stair,location,up,,,
A3,run,test3488,Z7KC1,person they run to the front door.,run,door,location,to,,,
A3,run,test3352,TYWHY,a person runs into the room.,run,room,location,into,,,
A3,run,test3335,UEVVN,a person runs to the open window.,run,window,location,to,,,
A3,run,test1013,B0XI9,a person is running across a room.,run,room,location,across,,,
A3,run,test1681,N6FZ7,a person runs into the living room.,run,room,location,into,,,
A3,run,test1125,1F706,a person runs down the hall.,run,hall,location,down,,,
A3,walk,test3379,81VSN,person walking through a doorway in the living room.,walk,doorway,location,through,,,
A3,walk,test2497,6XB10,person walk out the doorway.,walk,doorway,location,out,,,
A3,walk,test1437,3G1OQ,person walks towards the mirror to fix their hair.,walk,mirror,location,towards,,,
A3,walk,test921,ULD0T,a person walks through a doorway.,walk,doorway,location,through,,,
A3,walk,test1938,TS2DM,the person walks through a doorway.,walk,doorway,location,through,,,
A3,walk,test891,I87SH,person walk near the window open the curtain.,walk,window,location,near,,,
A3,walk,test2717,VXZBA,a person walking slowly through a room smiling.,walk,room,location,through,,,
A3,walk,test1084,MUE2B,person they walked over to the window to look outside.,walk,window,location,to,,,
A3,walk,test1164,1NJOQ,a person walks through the doorway.,walk,doorway,location,through,,,
A3,walk,test1932,DHDCF,person walks towards the camera drinking from a glass.,walk,drinking,location,towards,,,
A3,walk,test2258,VU996,a person walks into their closet holding a pillow.,walk,closet,location,into,,,
A3,walk,test3592,RKOOJ,a person walks into the room holding a picture.,walk,room,location,into,,,
C1,sit|bed,test996,W7EDM,a person sits down on a bed.,sit,bed,location,on,,,
C1,sit|bed,test993,W7EDM,person sits on the bed.,sit,bed,location,on,,,
C1,sit|bed,test157,AK2KG,a person was sitting on a bed.,sit,bed,location,on,,,
C1,sit|bed,test1708,TRVEA,a person sits on a bed with a pillow.,sit,bed,location,on,,,
C1,sit|bed,test2304,RBQ9Y,person sits down on the bed to fix his shoes.,sit,bed,location,on,,,
C1,sit|bed,test2966,XHYA2,person sits down on the bed.,sit,bed,location,on,,,
C1,sit|bed,test994,W7EDM,a person sits on a bed.,sit,bed,location,on,,,
C1,sit|bed,test1909,EURF2,person sitting on the bed themselves.,sit,bed,location,on,,,
C1,sit|bed,test1910,EURF2,the person sits on the bed.,sit,bed,location,on,,,
C1,sit|bed,test2588,RT1JY,person sits on the bed.,sit,bed,location,on,,,
C1,sit|bed,test1181,SUG5S,there is a person sitting on a bed.,sit,bed,location,on,,,
C1,sit|bed,test2589,RT1JY,person sit on a bed.,sit,bed,location,on,,,
C1,sit|chair,test761,FKK5R,the person is sitting in a chair.,sit,chair,location,in,,,
C1,sit|chair,test3039,W8P6Q,the person sits in a chair.,sit,chair,location,in,,,
C1,sit|chair,test809,AAQHJ,a person is sitting on a chair.,sit,chair,location,on,,,
C1,sit|chair,test3177,O8T6G,person sitting in a chair opening up a bag.,sit,chair,location,in,,,
C1,sit|chair,test3674,120YL,person sits down in a chair at the table.,sit,chair,location,in,,,
C1,sit|chair,test1176,3R4DD,person sit down in a chair.,sit,chair,location,in,,,
C1,sit|chair,test674,FQM2N,a person sits in a chair.,sit,chair,location,in,,,
C1,sit|chair,test2758,4BEZX,person sit down in a chair.,sit,chair,location,in,,,
C1,sit|chair,test13,E6DLK,a person sits in a chair.,sit,chair,location,in,,,
C1,sit|chair,test3122,FC2SK,person he sit on the chair.,sit,chair,location,on,,,
C1,sit|chair,test1487,FVINY,a person sat on a chair reading a book.,sit,chair,location,on,,,
C1,sit|chair,test3112,LPKPO,a person sitting in a chair at a table.,sit,chair,location,in,,,
C1,sit|couch,test1208,PC7H2,person sits down on couch.,sit,couch,location,on,,,
C1,sit|couch,test1331,2KGV3,a person is sitting on the couch eating a sandwich.,sit,couch,location,on,,,
C1,sit|couch,test1942,OY3LS,the person sits on a couch.,sit,couch,location,on,,,
C1,sit|couch,test3586,Y665P,person sits down on the couch to read the book.,sit,couch,location,on,,,
C1,sit|couch,test693,RPY8D,person sitting on a couch.,sit,couch,location,on,,,
C1,sit|couch,test556,X9M5B,the person is sitting in the couch with the laptop.,sit,couch,location,in,,,
C1,sit|couch,test1944,OY3LS,person sit on a couch under a blanket.,sit,couch,location,on,,,
C1,sit|couch,test2604,TK1VC,person sits on the couch.,sit,couch,location,on,,,
C1,sit|couch,test2495,DD3Q1,person sitting on the couch.,sit,couch,location,on,,,
C1,sit|couch,test3394,QZZPS,person sitting on the couch wearing a sweater.,sit,couch,location,on,,,
C1,sit|couch,test3587,Y665P,person sits down on a couch.,sit,couch,location,on,,,
C1,sit|couch,test2627,AK9PN,person sits on a couch.,sit,couch,location,on,,,
C2_alt,close|box,test2394,T5SI3,person starts to close the box.,close,box,theme,,,,
C2_alt,close|box,test178,KB7WQ,the person closes a box that's been searched through.,close,box,theme,,,,
C2_alt,close|box,test1248,S5KQ1,a person closes a box.,close,box,theme,,,,
C2_alt,close|box,test2046,PGPSJ,person closes the box.,close,box,theme,,,,
C2_alt,close|box,test2939,NAZ52,person closes the box.,close,box,theme,,,,
C2_alt,close|box,test2937,NAZ52,person he closed the box.,close,box,theme,,,,
C2_alt,close|box,test2427,AHBE8,person they close the box.,close,box,theme,,,,
C2_alt,close|box,test177,KB7WQ,person they close the box.,close,box,theme,,,,
C2_alt,close|box,test2689,EOUCM,person closed the box.,close,box,theme,,,,
C2_alt,close|box,test932,1FIGA,the person closes the box.,close,box,theme,,,,
C2_alt,close|box,test1813,3IS9Y,person closed a wooden box twice.,close,box,theme,,,,
C2_alt,close|box,test3640,APLZS,person closes the box back up.,close,box,theme,,,,
C2_alt,close|cabinet,test2635,8LLI3,person closes the cabinets.,close,cabinet,theme,,,,
C2_alt,close|cabinet,test3096,73ZXZ,person closes the cabinet.,close,cabinet,theme,,,,
C2_alt,close|cabinet,test497,8UCK1,person closing the cabinet.,close,cabinet,theme,,,,
C2_alt,close|cabinet,test3470,F1LTO,person closes the cabinet.,close,cabinet,theme,,,,
C2_alt,close|cabinet,test1347,HS14N,person closes the cabinet.,close,cabinet,theme,,,,
C2_alt,close|cabinet,test3348,TYWHY,person closes the cabinet.,close,cabinet,theme,,,,
C2_alt,close|cabinet,test1421,P6JGZ,person closed the cabinets.,close,cabinet,theme,,,,
C2_alt,close|cabinet,test217,U2AO1,a person closed a cabinet.,close,cabinet,theme,,,,
C2_alt,close|cabinet,test1614,2ZICJ,person close a cabinet.,close,cabinet,theme,,,,
C2_alt,close|cabinet,test3221,PH5VU,person closes a cabinet.,close,cabinet,theme,,,,
C2_alt,close|cabinet,test1740,MYBRN,person closed some cabinets.,close,cabinet,theme,,,,
C2_alt,close|cabinet,test1969,SB8G0,person closing the cabinet.,close,cabinet,theme,,,,
C2_alt,open|box,test1139,N86ED,the person opens a box of cookies.,open,box,theme,,,,
C2_alt,open|box,test686,75M1Z,person opens a box with a book.,open,box,theme,,,,
C2_alt,open|box,test3579,2OJY8,person open a box of dishes.,open,box,theme,,,,
C2_alt,open|box,test3710,4KK20,person opening a box.,open,box,theme,,,,
C2_alt,open|box,test2431,AHBE8,a person opens a box.,open,box,theme,,,,
C2_alt,open|box,test1876,XRG9K,one person opens a box.,open,box,theme,,,,
C2_alt,open|box,test567,HHNTA,person open a box.,open,box,theme,,,,
C2_alt,open|box,test1245,S5KQ1,a person opens a box.,open,box,theme,,,,
C2_alt,open|box,test1373,QQGU3,person opens the box.,open,box,theme,,,,
C2_alt,open|box,test2281,MA6GY,person opening a box.,open,box,theme,,,,
C2_alt,open|box,test3669,120YL,the person opens the box.,open,box,theme,,,,
C2_alt,open|box,test3641,APLZS,the person opens a box.,open,box,theme,,,,
C2_alt,open|cabinet,test1422,P6JGZ,the person opened some cabinets.,open,cabinet,theme,,,,
C2_alt,open|cabinet,test3006,QN7Y2,person opens up a cabinet.,open,cabinet,theme,,,,
C2_alt,open|cabinet,test3547,2CJC9,the person opens the cabinet.,open,cabinet,theme,,,,
C2_alt,open|cabinet,test3272,D8FTI,person open a cabinet.,open,cabinet,theme,,,,
C2_alt,open|cabinet,test2592,U0P7W,person opens the cabinet.,open,cabinet,theme,,,,
C2_alt,open|cabinet,test2593,U0P7W,the person opens a cabinet.,open,cabinet,theme,,,,
C2_alt,open|cabinet,test3020,6OQYV,person wards they open a cabinet.,open,cabinet,theme,,,,
C2_alt,open|cabinet,test1419,P6JGZ,person opening a cabinet.,open,cabinet,theme,,,,
C2_alt,open|cabinet,test2921,GGN5G,a person opens up the cabinet.,open,cabinet,theme,,,,
C2_alt,open|cabinet,test3453,CS7HY,person they open a cabinet.,open,cabinet,theme,,,,
C2_alt,open|cabinet,test489,WD35N,a person opens a cabinet.,open,cabinet,theme,,,,
C2_alt,open|cabinet,test1132,727IZ,a person opens a cabinet.,open,cabinet,theme,,,,
