split,backbone,seen_vs_baseline_pp,seen_vs_dec_pp,unseen_vs_baseline_pp,unseen_vs_dec_pp,gmiou_vs_dec_pp,f1_vs_dec_pp,s_frr_improvement_pp,u_frr_improvement_pp
A1,moment,0.5662238516338958,5.743181782228335,3.3135383935349316,0.0,1.7287559709236646,3.360380013230298,2.885482416591522,0.0
A1,qd,0.6215922094084059,4.384877319538704,3.6373682339262303,-1.1102230246251565e-14,0.7890050875871992,2.2926011697964626,15.960324616771867,0.0
A1,flash,0.0006921044721663883,7.145484314935214,5.847771147433867,0.0,1.5667482352964583,2.732277235205572,9.467989179440938,0.0
A2_alt,moment,1.0766753011084762,5.1859606634784505,1.7208485958486008,0.0,0.14822675547238617,1.878212871767289,11.401000714796286,0.0
A2_alt,qd,1.1154166593414727,1.205806015351596,6.786095848595858,1.1102230246251565e-14,0.17531838085375995,1.3983446494136373,11.54395997140815,0.0
A2_alt,flash,0.16662857564297973,4.85437580103707,1.7780830280830329,0.0,1.0876040464290853,3.216891190238819,5.253752680486063,0.0
A3,moment,1.3802651416601641,3.4614720715672287,5.439814814814814,0.0,0.1088870228034935,1.9708436675664984,9.770114942528732,0.0
A3,qd,1.577207623698318,2.184931638214571,10.136521464646464,0.0,0.5796583958892256,1.7659541645815864,8.405172413793107,0.0
A3,flash,0.7256768633965183,4.107294147470664,0.43446618967452055,-1.1102230246251565e-14,0.7007729899087707,1.6191225593761303,10.8117816091954,0.0
C1,moment,0.6421172903872008,6.106076845626685,19.106081390032003,0.0,1.6960824243510473,3.850357127097702,15.005359056806007,0.0
C1,qd,1.1102230246251565e-14,6.358505145518634,17.958390489254693,0.0,1.2318804512810146,2.8941435934962882,4.0371561271882825,0.0
C1,flash,0.4778310532497665,6.741019641149215,8.406492912665753,-1.1102230246251565e-14,2.165732504739445,3.9181938750904237,8.89603429796356,0.0
C2_alt,moment,1.4974154235073867,1.5666165158210954,12.16193084560081,-1.1102230246251565e-14,1.4041439507802238,2.301603079926295,3.232607167955024,0.0
C2_alt,qd,1.113808618713652,0.9803468426190953,8.589524135569992,-1.1102230246251565e-14,0.0,0.0,0.0,0.0
C2_alt,flash,0.7084003452390575,5.198936927844089,7.832933926737418,0.0,0.7565115378012095,0.8832696161279898,17.568517217146876,0.0
MACRO,moment,1.032539401659427,4.412661575744359,8.348442807966228,-1.1102230246251565e-14,1.0172192248661673,2.6722793519176093,8.458912859735506,0.0
MACRO,qd,0.8856050222323608,3.0228933922485157,9.421580034398646,0.0,0.5551724631222328,1.6702087154575906,7.989322625832276,0.0
MACRO,flash,0.41584578840011543,5.609422166487255,4.859949440918932,0.0,1.2554738628349895,2.4739508952077927,10.399614996846577,0.0
