split,backbone,method,threshold,seen_auc,unseen_auc,gap,gmiou1,rej_f1,rr,s_frr,u_frr
A1,moment,baseline,0.9527399802207946,0.8043862285711272,0.49726906704334706,0.3071171615277801,37.22476463326547,57.077833409194355,36.885880077369436,25.788999098286748,17.419354838709676
A1,moment,dec,0.22565891336140728,0.7526166492651828,0.5304044509786964,0.22221219828648642,40.39758364494185,60.49357536202325,46.73114119922631,33.543733092876465,40.64516129032258
A1,moment,seen_guard,0.0,0.8100484670874661,0.5304044509786964,0.27964401610876977,42.12633961586551,63.85395537525355,47.253384912959376,30.658250676284943,40.64516129032258
A1,qd,baseline,0.9902040123939514,0.7827446160863535,0.5058212497717816,0.27692336631457193,35.66271600849259,52.54572417202175,30.154738878143135,20.018034265103697,11.182795698924732
A1,qd,dec,0.24131813513528902,0.7451117649850505,0.542194932111044,0.20291683287400653,41.75905453166418,60.98814229249012,49.7678916827853,37.82687105500451,41.075268817204304
A1,qd,seen_guard,0.0,0.7889605381804375,0.5421949321110439,0.24676560606939368,42.548059619251376,63.28074346228658,41.3926499032882,21.866546438232643,41.075268817204304
A1,flash,baseline,5.9857860183715825,0.8252643839083734,0.47028933283365526,0.35497505107471816,41.87690503291128,57.23890632003586,38.20116054158607,27.45716862037872,19.13978494623656
A1,flash,dec,0.2437182167049784,0.753816461803743,0.5287670443079939,0.22504941749574903,45.463447084098476,62.10153482880756,50.19342359767892,36.92515779981966,42.58064516129032
A1,flash,seen_guard,0.0,0.8252713049530951,0.5287670443079939,0.29650426064510116,47.030195319394934,64.83381206401313,46.170212765957444,27.45716862037872,42.58064516129032
A2_alt,moment,baseline,0.8117839860916137,0.7690488707119191,0.5510817307692307,0.21796713994268835,36.85467991276725,57.74722369116869,36.46107178968655,25.411007862759117,0.0
A2_alt,moment,dec,0.25098957198648275,0.7279560170882193,0.5682902167277167,0.1596658003605026,39.26565657989294,59.932810750279955,50.27300303336703,39.421015010721945,26.785714285714285
A2_alt,moment,seen_guard,0.0,0.7798156237230038,0.5682902167277167,0.2115254069952871,39.41388333536533,61.811023622047244,42.163801820020225,28.02001429592566,26.785714285714285
A2_alt,qd,baseline,0.9896840190887451,0.7441703582085584,0.47274687118437114,0.2714234870241872,37.149832183393976,55.91787439613527,26.956521739130434,14.546104360257326,0.0
A2_alt,qd,dec,0.2215706119107287,0.7432664646484571,0.5406078296703296,0.20265863497812753,39.955050102087604,59.250530285175586,45.78361981799798,34.48892065761258,25.0
A2_alt,qd,seen_guard,0.0,0.7553245248019731,0.5406078296703297,0.21471669513164338,40.130368482941364,60.64887493458922,37.26996966632963,22.944960686204432,25.0
A2_alt,flash,baseline,3.29002275466919,0.7756450854218006,0.5557654151404151,0.21987967028138544,42.713880074966646,59.270752521334366,38.179979777553086,26.518942101501068,0.0
A2_alt,flash,dec,0.19968683609652751,0.7287676131678597,0.5735462454212454,0.15522136774661421,43.19390673779922,58.752124302015055,43.27603640040445,31.915654038599,22.023809523809522
A2_alt,flash,seen_guard,0.0,0.7773113711782303,0.5735462454212454,0.2037651257569849,44.2815107842283,61.969015492253874,40.91001011122346,26.66190135811294,22.023809523809522
A3,moment,baseline,0.992230013012886,0.7488016048925624,0.5643194093714927,0.1844821955210697,39.05928860899755,60.57499442834856,40.99754392593992,27.11925287356322,29.166666666666668
A3,moment,dec,0.23162755425498807,0.7279895355934918,0.6187175575196409,0.10927197807385092,40.794388585947075,61.56991005723631,48.64915926695636,36.206896551724135,31.770833333333332
A3,moment,seen_guard,0.0,0.7626042563091641,0.6187175575196409,0.1438866987895232,40.90327560875057,63.540753724802805,42.4522954846023,26.436781609195403,31.770833333333332
A3,qd,baseline,0.9997000098228455,0.7334029000807198,0.4870186237373737,0.24638427634334614,39.092983708580505,57.8847969782814,36.25543170224825,22.80890804597701,30.208333333333332
A3,qd,dec,0.20755374649190567,0.7273256599355573,0.5883838383838383,0.13894182155171897,40.68485966259697,59.83606557377049,43.81258265633856,31.35775862068966,30.729166666666668
A3,qd,seen_guard,0.0,0.749174976317703,0.5883838383838383,0.16079113793386468,41.264518058486196,61.60201973835208,38.54146986586057,22.95258620689655,30.729166666666668
A3,flash,baseline,5.911218323707581,0.7549866245055069,0.6280250420875421,0.12696158241796485,45.40141485221969,61.92137706443359,37.44568297751748,21.80316091954023,22.916666666666664
A3,flash,dec,0.2199861318387357,0.7211704516647655,0.6323697039842874,0.08880074768047808,45.129721005244015,61.121534292266,46.854335915359904,34.26724137931034,31.25
A3,flash,seen_guard,0.0,0.7622433931394721,0.6323697039842873,0.12987368915518482,45.830493995152786,62.74065685164213,39.63725675420366,23.455459770114942,31.25
C1,moment,baseline,0.8765000104904175,0.76096570639931,0.5620713305898491,0.1988943758094609,37.62356128808869,55.59468978596586,41.381509032943676,32.69024651661307,3.7037037037037033
C1,moment,dec,0.348235678809092,0.7063261108469152,0.7531321444901692,-0.046806033643253975,40.5023600705155,58.75183862155915,64.0807651434644,56.02000714540908,30.246913580246915
C1,moment,seen_guard,0.0,0.7673868793031821,0.7531321444901692,0.01425473481301287,42.19844249486655,62.602195748656854,53.92136025504782,41.014648088603074,30.246913580246915
C1,qd,baseline,0.9876000285148621,0.7798211757154982,0.5618427069044353,0.21797846881106298,39.720745695419374,58.81782945736434,50.669500531349634,41.58628081457664,3.7037037037037033
C1,qd,dec,0.2184619317359302,0.716236124260312,0.7414266117969822,-0.025190487536670192,37.92046158739018,56.10907184058731,43.99574920297556,35.119685602000715,10.493827160493826
C1,qd,seen_guard,0.0,0.7798211757154984,0.7414266117969822,0.038394563918516145,39.15234203867119,59.0032154340836,42.252922422954306,31.082529474812432,10.493827160493826
C1,flash,baseline,4.719174861907959,0.7715997136019214,0.6679012345679012,0.10369847903402019,42.83825015179163,56.54862282181001,38.554729011689695,28.653090389424797,3.7037037037037033
C1,flash,dec,0.19629393343537044,0.7089678277229269,0.7519661636945588,-0.04299833597163194,42.513120275503475,55.96816976127321,43.0605738575983,34.11932833154698,9.876543209876543
C1,flash,seen_guard,0.0,0.776378024134419,0.7519661636945587,0.024411860439860322,44.67885278024292,59.88636363636363,37.747077577045694,25.22329403358342,9.876543209876543
C2_alt,moment,baseline,0.8469500243663788,0.6759384418022233,0.4686579938377269,0.2072804479644964,39.17326143198746,59.17129863567458,47.05632306057386,32.677442023893185,98.26086956521739
C2_alt,moment,dec,0.22547065207821804,0.6752464308790862,0.5902773022937351,0.0849691285853511,37.724626288005155,56.24230485102191,49.24548352816153,37.947997189037245,82.6086956521739
C2_alt,moment,seen_guard,0.0,0.6909125960372972,0.590277302293735,0.10063529374356217,39.12877023878538,58.54390793094821,47.88522848034006,34.71539002108222,82.6086956521739
C2_alt,qd,baseline,0.9977999925613403,0.6978687855791951,0.5447107155083877,0.1531580700708074,38.69360175108047,56.175182481751825,35.727948990435706,23.295853829936753,48.69565217391305
C2_alt,qd,dec,0.262681310743349,0.6992034033401406,0.6306059568640877,0.06859744647605293,40.837799842893,58.484085184337076,55.74920297555792,44.44834855938159,70.43478260869566
C2_alt,qd,seen_guard,0.0,0.7090068717663316,0.6306059568640876,0.07840091490224399,40.837799842893,58.484085184337076,55.74920297555792,44.44834855938159,70.43478260869566
C2_alt,flash,baseline,8.00501823425293,0.7375331915274941,0.535193426908593,0.20233976461890113,43.85913457022061,58.54195323246217,40.191285866099896,26.49332396345748,63.47826086956522
C2_alt,flash,dec,0.23346652410076488,0.6926278257014438,0.6135227661759671,0.07910505952547664,43.906551139397855,59.083507792509884,54.30393198724761,42.26985242445538,71.30434782608695
C2_alt,flash,seen_guard,0.0,0.7446171949798847,0.6135227661759671,0.13109442880391753,44.663062677199065,59.966777408637874,39.70244420828906,24.701335207308503,71.30434782608695
MACRO,moment,baseline,,0.7518281704754284,0.5286799063223293,0.22314826415309907,37.98711117502129,58.03320799007041,40.55646557730269,28.73738967502307,29.71011895485949
MACRO,moment,dec,,0.7180269487345791,0.6121643344019917,0.10586261433258741,39.7369230338605,59.39808792842412,51.795910434235125,40.62792979795377,42.411463628358206
MACRO,moment,seen_guard,,0.7621535644920227,0.6121643344019916,0.149989230090031,40.75414225872667,62.07036728034173,46.73521419059396,32.16901693821826,42.411463628358206
MACRO,qd,baseline,,0.7476015671340651,0.5144280334212699,0.23317353371279514,38.06397586939339,56.26828149711092,35.95282836826143,24.451036263170284,18.758096981974962
MACRO,qd,dec,,0.7262286834339036,0.6086438337652563,0.11758484966864716,40.23144514532639,58.933579035272125,47.82180926713106,36.64831689893781,35.54660905061209
MACRO,qd,seen_guard,,0.7564576173563887,0.6086438337652563,0.14781378359113237,40.78661760844862,60.603787750729715,43.04124296679812,28.65899427310553,35.54660905061209
MACRO,flash,baseline,,0.7730057997930192,0.5714348903076213,0.20157090948539796,43.337916936421976,58.70432239201519,38.51456763488925,26.185137198860456,21.847683237234428
MACRO,flash,dec,,0.7210700360121478,0.6200343847168106,0.1010356512953372,44.04134924840861,59.405374195374335,47.537660351657834,35.89944679474628,35.40706914421266
MACRO,flash,seen_guard,,0.7771642576770204,0.6200343847168106,0.15712987296020975,45.2968231112436,61.87932509058213,40.83340028334386,25.499831797899706,35.40706914421266
