split,backbone,method,threshold,seen_auc,unseen_auc,gap,gap_pp,rej_f1,rr,s_frr,u_frr,gmiou1
A1_v3,moment,Baseline,0.8873560070991516,0.7838486245600609,0.5745076179858788,0.2093410065741821,20.93410065741821,55.71815718157182,43.10862172434487,33.30988392543088,28.985507246376812,36.334556896710254
A1_v3,qd,Baseline,0.8906999826431274,0.8028701294293172,0.5761356196138805,0.22673450981543675,22.673450981543674,55.959988885801614,41.28825765153031,32.817446359479426,19.96779388083736,36.19455453840241
A1_v3,flash,Baseline,7.25347752571106,0.8034403945988665,0.5628815628815628,0.24055883171730374,24.055883171730375,57.63212282255684,37.04740948189638,23.91839606049947,31.561996779388085,43.234453430227184
A2_v3,moment,Baseline,0.9965000152587891,0.7703829956082208,0.6134762263339071,0.15690676927431368,15.690676927431369,55.914972273567464,55.87117423484697,46.358024691358025,36.160714285714285,36.775714195566614
A2_v3,qd,Baseline,0.8680460035800934,0.7922116936756576,0.5269739672977626,0.265237726377895,26.5237726377895,57.92025862068966,43.548709741948386,33.7037037037037,4.464285714285714,37.19938114588758
A2_v3,flash,Baseline,6.978241667747498,0.789843897952006,0.5359832185886403,0.25386067936336576,25.386067936336577,57.24550898203593,36.107221444288854,25.771604938271604,6.25,42.760705542622205
A3_v3,moment,Baseline,0.9167110073566437,0.7917416111594267,0.5161995177817963,0.27554209337763036,27.554209337763037,58.49802371541502,45.209041808361675,34.24233033777502,18.9873417721519,38.94291765345563
A3_v3,qd,Baseline,0.9051699995994568,0.80360255594319,0.4664858348402653,0.3371167211029247,33.71167211029247,59.18969680708344,43.84876975395079,32.32104121475054,19.40928270042194,37.970194555492114
A3_v3,flash,Baseline,7.053561449050903,0.8140025968169555,0.46597347799879446,0.34802911881816107,34.80291188181611,58.698404659407444,48.28965793158632,36.07065385807252,38.39662447257383,43.57482674111677
C1_v3,moment,Baseline,0.9274360084533692,0.7411810860651623,0.6377620683579985,0.10341901770716377,10.341901770716378,53.39932274029695,46.08921784356871,37.91008505467801,18.023255813953487,36.049829388270595
C1_v3,qd,Baseline,0.9255419969558716,0.778645487283862,0.6214653805496828,0.15718010673417915,15.718010673417915,56.2043795620438,46.029205841168235,35.9356014580802,23.25581395348837,36.904150230813606
C1_v3,flash,Baseline,9.531501808166503,0.7590396287688821,0.5531183932346723,0.20592123553420982,20.592123553420983,56.88639551192146,40.608121624324866,28.09842041312272,52.90697674418605,42.474908651198206
C2_v3,moment,Baseline,0.9349299907684326,0.7625738987651287,0.5849158753956355,0.1776580233694932,17.76580233694932,58.65529352734571,49.02980596119224,34.636199639206254,94.20289855072464,38.497889564628224
C2_v3,qd,Baseline,0.9031150072813035,0.780906461065172,0.5581375978677328,0.22276886319743927,22.276886319743927,58.97435897435897,48.86977395479096,34.15514131088395,97.10144927536231,37.56122344882985
C2_v3,flash,Baseline,2.9107053279876696,0.7939748524101089,0.5386473429951691,0.25532750941493976,25.532750941493976,60.4177545691906,45.909181836367274,30.276608538785325,94.92753623188406,44.38885021313151
MACRO,moment,Baseline,,0.7699456432315999,0.5853722611710432,0.18457338206055662,18.457338206055663,56.4371538876394,47.8615723144629,37.291304729689635,39.271943533784224,37.32018153972626
MACRO,qd,Baseline,,0.7916472654794398,0.5498396800338649,0.24180758544557496,24.180758544557495,57.64973656999549,44.716943388677734,33.78658680937956,32.83972510487914,37.16590078388511
MACRO,flash,Baseline,,0.7920602741093639,0.5313207991397678,0.26073947496959604,26.073947496959605,58.17603730902245,41.59231846369274,28.82713676175033,44.80862684560641,43.286748915659174
